name,datetime,temp,feelslike,dew,humidity,precip,precipprob,preciptype,snow,snowdepth,windgust,windspeed,winddir,sealevelpressure,cloudcover,visibility,solarradiation,solarenergy,uvindex,severerisk,conditions,icon,stations
delhi india,2024-11-01T00:00:00,75.2,75.2,60.8,60.93,0,0,,0,0,10.1,3.4,250,1012,0,1.2,0,0,0,10,Clear,clear-night,"VIDP,42181099999"
delhi india,2024-11-01T01:00:00,75.2,75.2,59,57.15,0,0,,0,0,10.5,3.4,230,1012,0,1.2,0,0,0,10,Clear,clear-night,"VIDP,42181099999"
delhi india,2024-11-01T02:00:00,71.1,71.1,63.5,77.11,0,0,,0,0,10.7,3.4,260,1010.7,0,0.7,0,0,0,10,Clear,fog,"42182099999,VIDP,42181099999"
delhi india,2024-11-01T03:00:00,69.8,69.8,59,68.57,0,0,,0,0,10.5,2.2,230,1011,0,1.2,0,0,0,10,Clear,clear-night,"VIDP,42181099999"
delhi india,2024-11-01T04:00:00,68,68,55.4,64.07,0,0,,0,0,10.1,2.2,230,1011,0,1.2,0,0,0,10,Clear,clear-night,"VIDP,42181099999"
delhi india,2024-11-01T05:00:00,66.8,66.8,60.2,79.44,0,0,,0,0,10.3,2.6,260,1010.9,0,0.7,0,0,0,10,Clear,fog,"42182099999,VIDP,42181099999"
delhi india,2024-11-01T06:00:00,64.4,64.4,57.2,77.46,0,0,,0,0,10.5,2.2,240,1012,0,1.2,0,0,0,10,Clear,clear-night,"VIDP,42181099999"
delhi india,2024-11-01T07:00:00,64.4,64.4,57.2,77.46,0,0,,0,0,10.3,0,0,1013,0,1.2,0,0,0,10,Clear,clear-day,"VIDP,42181099999"
delhi india,2024-11-01T08:00:00,70.9,70.9,59.8,68.1,0,0,,0,0,10.7,5.5,245,1013.2,0,1.2,49.6,0.2,0,10,Clear,clear-day,"42182099999,42176099999,VIDP,42139099999,42181099999"
delhi india,2024-11-01T09:00:00,77,77,57.2,50.46,0,0,,0,0,12.3,5.8,260,1015,0,1.2,229.6,0.8,2,10,Clear,clear-day,"VIDP,42181099999"
delhi india,2024-11-01T10:00:00,80.6,81.1,59,47.82,0,0,,0,0,13.9,6.9,260,1015,0,1.9,426.6,1.5,4,10,Clear,clear-day,"VIDP,42181099999"
delhi india,2024-11-01T11:00:00,85.6,88.1,66.5,53.13,0,0,,0,0,15,9.1,254,1012.5,0,1.3,589.6,2.1,6,10,Clear,clear-day,"42182099999,VIDP,42139099999,42181099999"
delhi india,2024-11-01T12:00:00,87.8,87.1,59,37.94,0,0,,0,0,16.3,9.2,270,1014,0,1.9,697,2.5,7,10,Clear,clear-day,"VIDP,42181099999"
delhi india,2024-11-01T13:00:00,89.6,87.3,53.6,29.48,0,0,,0,0,19.5,9.2,260,1013,0,2.5,734.1,2.6,7,10,Clear,clear-day,"VIDP,42181099999"
delhi india,2024-11-01T14:00:00,90.7,92.3,64.2,41.57,0,0,,0,0,19.5,6.8,276,1010.7,0,1.6,703.7,2.5,7,10,Clear,clear-day,"42182099999,VIDP,42139099999,42181099999"
delhi india,2024-11-01T15:00:00,89.6,86.2,46.4,22.56,0,0,,0,0,19.2,10.3,290,1012,0,2.5,606.7,2.2,6,10,Clear,clear-day,"VIDP,42181099999"
delhi india,2024-11-01T16:00:00,87.8,85.1,50,27.33,0,0,,0,0,18.1,6.9,280,1012,0,2.5,452,1.6,5,10,Clear,clear-day,"VIDP,42181099999"
delhi india,2024-11-01T17:00:00,85.9,88.2,66,51.57,0,0,,0,0,15.7,1.3,264,1010.9,0,1.6,259,0.9,3,10,Clear,clear-day,"42182099999,42176099999,VIDP,42139099999,42181099999"
delhi india,2024-11-01T18:00:00,82.4,81.2,51.8,34.73,0,0,,0,0,8.1,4.7,290,1013,0,1.9,70.7,0.3,0,10,Clear,clear-night,"VIDP,42181099999"
delhi india,2024-11-01T19:00:00,78.8,78.8,53.6,41.73,0,0,,0,0,7.2,2.2,315.3,1014,0,1.9,0,0,0,10,Clear,clear-night,"VIDP,42181099999"
delhi india,2024-11-01T20:00:00,72.2,72.2,63.3,73.56,0,0,,0,0,5.6,0,0,1013.2,0,1.3,0,0,0,10,Clear,clear-night,"42182099999,VIDP,42181099999"
delhi india,2024-11-01T21:00:00,75.2,75.2,53.6,47.01,0,0,,0,0,3.8,0,0,1014,0,1.9,0,0,0,10,Clear,clear-night,"VIDP,42181099999"
delhi india,2024-11-01T22:00:00,73.4,73.4,55.4,53.32,0,0,,0,0,2.5,0,0,1014,0,1.9,0,0,0,10,Clear,clear-night,"VIDP,42181099999"
delhi india,2024-11-01T23:00:00,69.5,69.5,62.8,79.09,0,0,,0,0,2,0,0,1013.4,0,1.3,0,0,0,10,Clear,clear-night,"42182099999,VIDP,42181099999"
delhi india,2024-11-02T00:00:00,71.6,71.6,57.2,60.47,0,0,,0,0,2.9,0,0,1014,0,1.9,0,0,0,10,Clear,clear-night,"VIDP,42181099999"
delhi india,2024-11-02T01:00:00,69.8,69.8,59,68.57,0,0,,0,0,3.6,0,0,1013,0,1.9,0,0,0,10,Clear,clear-night,"VIDP,42181099999"
delhi india,2024-11-02T02:00:00,67.9,67.9,63.1,84.72,0,0,,0,0,4.9,0,0,1012.4,0,1.3,0,0,0,10,Clear,clear-night,"42182099999,VIDP,42181099999"
delhi india,2024-11-02T03:00:00,69.8,69.8,60.8,73.11,0,0,,0,0,5.8,2.2,254.2,1013,0,1.2,0,0,0,10,Clear,clear-night,"VIDP,42181099999"
delhi india,2024-11-02T04:00:00,68,68,59,72.94,0,0,,0,0,6.3,2.2,276.3,1013,0,1.2,0,0,0,10,Clear,clear-night,"VIDP,42181099999"
delhi india,2024-11-02T05:00:00,65.2,65.2,61.6,88.16,0,0,,0,0,6.5,0.6,281.2,1012.6,0,1.2,0,0,0,10,Clear,clear-night,"42182099999,VIDP,42181099999"
delhi india,2024-11-02T06:00:00,66.2,66.2,59,77.61,0,0,,0,0,6.7,0,0,1014,0,1.2,0,0,0,10,Clear,clear-night,"VIDP,42181099999"
delhi india,2024-11-02T07:00:00,68,68,60.8,77.77,0,0,,0,0,6.7,0,0,1014,0,1.2,0,0,0,10,Clear,clear-day,"VIDP,42181099999"
delhi india,2024-11-02T08:00:00,68.1,68.1,62.2,81.54,0,0,,0,0,6.3,0.6,273,1014.5,0,1.2,48,0.2,0,10,Clear,clear-day,"42182099999,42176099999,VIDP,42139099999,42181099999"
delhi india,2024-11-02T09:00:00,77,77,53.6,44.28,0,0,,0,0,8.3,3.4,250,1016,0,1.9,226.4,0.8,2,10,Clear,clear-day,"VIDP,42181099999"
delhi india,2024-11-02T10:00:00,80.6,80.5,55.4,42,0,0,,0,0,8.3,3.4,250,1016,0,1.9,422,1.5,4,10,Clear,clear-day,"VIDP,42181099999"
delhi india,2024-11-02T11:00:00,86.8,87.6,62.9,44.88,0,0,,0,0,8.9,0,0,1013.9,0,1.3,583.1,2.1,6,10,Clear,clear-day,"42182099999,VIDP,42139099999,42181099999"
delhi india,2024-11-02T12:00:00,87.8,85.4,51.8,29.21,0,0,,0,0,9.4,0,0,1015,0,1.9,688.3,2.5,7,10,Clear,clear-day,"VIDP,42181099999"
delhi india,2024-11-02T13:00:00,89.6,86.7,50,25.82,0,0,,0,0,11,2.2,269.6,1014,0,1.9,726.6,2.6,7,10,Clear,clear-day,"VIDP,42181099999"
delhi india,2024-11-02T14:00:00,90.6,91.3,62.4,39.19,0,0,,0,0,11.4,1,346,1011.5,0,1.3,695.9,2.5,7,10,Clear,clear-day,"42182099999,VIDP,42139099999,42181099999"
delhi india,2024-11-02T15:00:00,89.6,86.7,50,25.82,0,0,,0,0,11.4,4.7,360,1013,0,1.9,598.6,2.2,6,10,Clear,clear-day,"VIDP,42181099999"
delhi india,2024-11-02T16:00:00,87.8,85.4,51.8,29.21,0,0,,0,0,11,4.7,30,1013,0,1.9,444.7,1.6,4,10,Clear,clear-day,"VIDP,42181099999"
delhi india,2024-11-02T17:00:00,84.4,86.8,66.3,54.55,0,0,,0,0,10.1,1,44,1011.7,0,1.3,253.7,0.9,3,10,Clear,clear-day,"42182099999,42176099999,VIDP,42139099999,42181099999"
delhi india,2024-11-02T18:00:00,84.2,83.1,55.4,37.38,0,0,,0,0,6.5,3.4,50,1013,0,1.9,68.1,0.2,0,10,Clear,clear-night,"VIDP,42181099999"
delhi india,2024-11-02T19:00:00,82.4,81.7,55.4,39.62,0,0,,0,0,7.2,3.4,30,1014,0,1.9,0,0,0,10,Clear,clear-night,"VIDP,42181099999"
delhi india,2024-11-02T20:00:00,74,74,64.8,72.86,0,0,,0,0,7.4,1,76,1013.4,0,1.3,0,0,0,10,Clear,clear-night,"42182099999,VIDP,42181099999"
delhi india,2024-11-02T21:00:00,75.2,75.2,57.2,53.57,0,0,,0,0,7.2,0,0,1015,0,1.9,0,0,0,10,Clear,clear-night,"VIDP,42181099999"
delhi india,2024-11-02T22:00:00,73.4,73.4,59,60.7,0,0,,0,0,7.2,0,0,1015,0,1.9,0,0,0,10,Clear,clear-night,"VIDP,42181099999"
delhi india,2024-11-02T23:00:00,70.3,70.3,62.7,76.69,0,0,,0,0,7.2,0,0,1014.4,0,1.3,0,0,0,10,Clear,clear-night,"42182099999,VIDP,42181099999"
delhi india,2024-11-03T00:00:00,69.8,69.8,59,68.57,0,0,,0,0,6.9,0,0,1015,0,1.9,0,0,0,10,Clear,clear-night,"VIDP,42181099999"
delhi india,2024-11-03T01:00:00,69.8,69.8,57.2,64.29,0,0,,0,0,6.7,0,0,1014,0,1.9,0,0,0,10,Clear,clear-night,"VIDP,42181099999"
delhi india,2024-11-03T02:00:00,66.8,66.8,60.3,79.7,0,0,,0,0,6.7,0,0,1013.8,0,1.3,0,0,0,10,Clear,clear-night,"42182099999,VIDP,42181099999"
delhi india,2024-11-03T03:00:00,68,68,59,72.94,0,0,,0,0,6.5,0,0,1014,0,1.9,0,0,0,10,Clear,clear-night,"VIDP,42181099999"
delhi india,2024-11-03T04:00:00,68,68,59,72.94,0,0,,0,0,6,0,0,1014,0,1.9,0,0,0,10,Clear,clear-night,"VIDP,42181099999"
delhi india,2024-11-03T05:00:00,64.1,64.1,59.3,84.38,0,0,,0,0,5.8,0,0,1014,0,1.2,0,0,0,10,Clear,clear-night,"42182099999,VIDP,42181099999"
delhi india,2024-11-03T06:00:00,66.2,66.2,57.2,72.76,0,0,,0,0,5.8,0,0,1015,0,1.2,0,0,0,10,Clear,clear-night,"VIDP,42181099999"
delhi india,2024-11-03T07:00:00,66.2,66.2,59,77.61,0,0,,0,0,6,0,0,1016,0,0.6,0,0,0,10,Clear,fog,"VIDP,42181099999"
delhi india,2024-11-03T08:00:00,66.8,66.8,62.9,87.29,0,0,,0,0,6.3,0.5,50,1015.7,0,0.6,45.2,0.2,0,10,Clear,fog,"42182099999,42176099999,VIDP,42139099999,42181099999"
delhi india,2024-11-03T09:00:00,77,77,57.2,50.46,0,0,,0,0,8.1,0,0,1017,0,0.6,218.5,0.8,2,10,Clear,fog,"VIDP,42181099999"
delhi india,2024-11-03T10:00:00,82.4,81.7,55.4,39.62,0,0,,0,0,9.6,2.2,138,1017,0,1.2,410.7,1.5,4,10,Clear,clear-day,"VIDP,42181099999"
delhi india,2024-11-03T11:00:00,86.4,85.8,58.7,39.17,0,0,,0,0,10.7,0.6,150.1,1015.4,0,0.8,570,2.1,6,10,Clear,fog,"42182099999,VIDP,42139099999,42181099999"
delhi india,2024-11-03T12:00:00,87.8,85.1,50,27.33,0,0,,0,0,11,3.4,350,1016,0,1.9,674.4,2.4,7,10,Clear,clear-day,"VIDP,42181099999"
delhi india,2024-11-03T13:00:00,87.8,85.1,50,27.33,0,0,,0,0,8.1,4.7,340,1015,0,1.9,718.5,2.6,7,10,Clear,clear-day,"VIDP,42181099999"
delhi india,2024-11-03T14:00:00,88.9,90.2,63.8,43.44,0,0,,0,0,9.2,1.7,326,1012.8,0,0.9,687.6,2.5,7,10,Clear,fog,"42182099999,VIDP,42139099999,42181099999"
delhi india,2024-11-03T15:00:00,87.8,85.1,50,27.33,0,0,,0,0,10.1,5.8,320,1014,0,1.9,590,2.1,6,10,Clear,clear-day,"VIDP,42181099999"
delhi india,2024-11-03T16:00:00,87.8,84.9,48.2,25.55,0,0,,0,0,10.1,3.4,330,1014,0,1.9,428.3,1.5,4,10,Clear,clear-day,"VIDP,42181099999"
delhi india,2024-11-03T17:00:00,85.4,88.7,67.9,55.98,0,0,,0,0,9.4,0.6,340,1012.4,0,0.9,246.1,0.9,2,10,Clear,fog,"42182099999,42176099999,VIDP,42139099999,42181099999"
delhi india,2024-11-03T18:00:00,78.8,78.8,55.4,44.56,0,0,,0,0,6.3,2.2,354.5,1014,0,1.9,65.2,0.2,0,10,Clear,clear-night,"VIDP,42181099999"
delhi india,2024-11-03T19:00:00,75.2,75.2,57.2,53.57,0,0,,0,0,6.9,0,0,1015,0,1.9,0,0,0,10,Clear,clear-night,"VIDP,42181099999"
delhi india,2024-11-03T20:00:00,72.2,72.2,65,78.19,0,0,,0,0,6.9,0,0,1014.2,0,0.9,0,0,0,10,Clear,fog,"42182099999,VIDP,42181099999"
delhi india,2024-11-03T21:00:00,73.4,73.4,60.8,64.72,0,0,,0,0,7.2,0,0,1015,0,1.9,0,0,0,10,Clear,clear-night,"VIDP,42181099999"
delhi india,2024-11-03T22:00:00,73.4,73.4,60.8,64.72,0,0,,0,0,7.2,0,0,1015,0,1.9,0,0,0,10,Clear,clear-night,"VIDP,42181099999"
delhi india,2024-11-03T23:00:00,68.7,68.7,62.7,81.11,0,0,,0,0,7.2,0,0,1014.2,0,0.9,0,0,0,10,Clear,fog,"42182099999,VIDP,42181099999"
delhi india,2024-11-04T00:00:00,71.6,71.6,62.6,73.29,0,0,,0,0,6.7,0,0,1014,0,1.9,0,0,0,10,Clear,clear-night,"VIDP,42181099999"
delhi india,2024-11-04T01:00:00,69.8,69.8,62.6,77.91,0,0,,0,0,4.5,0,0,1014,0,1.9,0,0,0,10,Clear,clear-night,"VIDP,42181099999"
delhi india,2024-11-04T02:00:00,67,67,62,84.14,0,0,,0,0,4,0.6,224,1013.1,0,0.7,0,0,0,10,Clear,fog,"42182099999,VIDP,42181099999"
delhi india,2024-11-04T03:00:00,68,68,60.8,77.77,0,0,,0,0,3.4,0,0,1013,0,1.2,0,0,0,10,Clear,clear-night,"VIDP,42181099999"
delhi india,2024-11-04T04:00:00,68,68,60.8,77.77,0,0,,0,0,2.7,0,0,1013,0,1.2,0,0,0,10,Clear,clear-night,"VIDP,42181099999"
delhi india,2024-11-04T05:00:00,64.4,64.4,60.2,86.3,0,0,,0,0,3.4,0,0,1012.6,0,0.7,0,0,0,10,Clear,fog,"42182099999,VIDP,42181099999"
delhi india,2024-11-04T06:00:00,66.2,66.2,59,77.61,0,0,,0,0,4.3,0,0,1014,0,1.2,0,0,0,10,Clear,clear-night,"VIDP,42181099999"
delhi india,2024-11-04T07:00:00,66.2,66.2,59,77.61,0,0,,0,0,4.9,0,0,1014,0,1.2,0,0,0,10,Clear,clear-day,"VIDP,42181099999"
delhi india,2024-11-04T08:00:00,67,67,59.6,77.02,0,0,,0,0,5.1,1.3,250,1014.3,0,0.6,43.6,0.2,0,10,Clear,fog,"42182099999,42176099999,VIDP,42139099999,42181099999"
delhi india,2024-11-04T09:00:00,73.4,73.4,53.6,49.93,0,0,,0,0,7.4,4.7,230,1015,0,1.2,215.9,0.8,2,10,Clear,clear-day,"VIDP,42181099999"
delhi india,2024-11-04T10:00:00,77,77,57.2,50.46,0,0,,0,0,8.1,3.4,220,1015,0,1.2,407.9,1.5,4,10,Clear,clear-day,"VIDP,42181099999"
delhi india,2024-11-04T11:00:00,81.9,82.4,60,47.48,0,0,,0,0,8.5,3.3,250,1013.4,0,1.2,567.2,2,6,10,Clear,clear-day,"42182099999,VIDP,42139099999,42181099999"
delhi india,2024-11-04T12:00:00,84.2,83.5,57.2,39.89,0,0,,0,0,8.5,3.4,260,1014,0,1.2,671.7,2.4,7,10,Clear,clear-day,"VIDP,42181099999"
delhi india,2024-11-04T13:00:00,84.2,83.5,57.2,39.89,0,0,,0,0,9.8,3.4,290,1013,0,1.2,710.8,2.6,7,10,Clear,clear-day,"VIDP,42181099999"
delhi india,2024-11-04T14:00:00,87.8,89.8,65.1,46.99,0,0,,0,0,9.8,3.3,276,1010.7,0,0.7,681,2.5,7,10,Clear,fog,"42182099999,VIDP,42139099999,42181099999"
delhi india,2024-11-04T15:00:00,86,84.5,55.4,35.29,0,0,,0,0,9.6,3.4,280,1012,0,1.2,585.2,2.1,6,10,Clear,clear-day,"VIDP,42181099999"
delhi india,2024-11-04T16:00:00,86,85,57.2,37.66,0,0,,0,0,8.9,3.4,300,1011,0,1.2,433.7,1.6,4,10,Clear,clear-day,"VIDP,42181099999"
delhi india,2024-11-04T17:00:00,84.8,88.3,68.3,57.84,0,0,,0,0,7.4,0.6,270,1010.3,0,0.7,245.1,0.9,2,10,Clear,fog,"42182099999,42176099999,VIDP,42139099999,42181099999"
delhi india,2024-11-04T18:00:00,78.8,78.8,60.8,54.08,0,0,,0,0,3.6,2.2,240,1012,0,1.2,63.4,0.2,0,10,Clear,clear-night,"VIDP,42181099999"
delhi india,2024-11-04T19:00:00,77,77,60.8,57.39,0,0,,0,0,3.8,0,0,1013,0,1.2,0,0,0,10,Clear,clear-night,"VIDP,42181099999"
delhi india,2024-11-04T20:00:00,73.5,73.5,66.3,78.39,0,0,,0,0,4.5,0.4,350.3,1010.8,0,1.2,0,0,0,10,Clear,clear-night,"42182099999,VIDP,42181099999"
delhi india,2024-11-04T21:00:00,73.4,73.4,62.6,68.97,0,0,,0,0,5.1,0,0,1014,0,1.2,0,0,0,10,Clear,clear-night,"VIDP,42181099999"
delhi india,2024-11-04T22:00:00,73.4,73.4,62.6,68.97,0,0,,0,0,5.6,0,0,1015,0,1.2,0,0,0,10,Clear,clear-night,"VIDP,42181099999"
delhi india,2024-11-04T23:00:00,68.7,68.7,64.2,85.63,0,0,,0,0,6,0,0,1013.8,0,0.7,0,0,0,10,Clear,fog,"42182099999,VIDP"
delhi india,2024-11-05T00:00:00,71.5,71.5,60.7,68.76,0,0,,0,0,6.3,0,0,1014,0,1.2,0,0,0,10,Clear,clear-night,VIDP
delhi india,2024-11-05T01:00:00,69.8,69.8,62.6,77.91,0,0,,0,0,4.5,0,0,1014,0,1.2,0,0,0,10,Clear,clear-night,"VIDP,42181099999"
delhi india,2024-11-05T02:00:00,67.2,67.2,63.5,87.97,0,0,,0,0,5.1,1.3,104,1013.6,0,0.7,0,0,0,10,Clear,fog,"42182099999,VIDP,42181099999"
delhi india,2024-11-05T03:00:00,68,68,62.6,82.87,0,0,,0,0,6.3,3.4,90,1014,0,1.2,0,0,0,10,Clear,clear-night,"VIDP,42181099999"
delhi india,2024-11-05T04:00:00,68,68,62.6,82.87,0,0,,0,0,6.5,2.2,94.2,1014,0,1.2,0,0,0,10,Clear,clear-night,"VIDP,42181099999"
delhi india,2024-11-05T05:00:00,65.1,65.1,63.3,93.9,0,0,,0,0,6.3,0.6,98.5,1013.9,0,0.8,0,0,0,10,Clear,fog,"42182099999,VIDP,42181099999"
delhi india,2024-11-05T06:00:00,66.2,66.2,62.6,88.19,0,0,,0,0,6.3,2.2,104.3,1015,0,1.2,0,0,0,10,Clear,clear-night,"VIDP,42181099999"
delhi india,2024-11-05T07:00:00,68,68,60.8,77.77,0,0,,0,0,6.5,2.2,110,1016,0,0.6,0,0,0,10,Clear,fog,"VIDP,42181099999"
delhi india,2024-11-05T08:00:00,68.6,68.6,64.7,87.61,0,0,,0,0,8.5,1,114,1016.3,0,0.6,41.2,0.1,0,10,Clear,fog,"42182099999,42176099999,VIDP,42139099999,42181099999"
delhi india,2024-11-05T09:00:00,78.8,78.8,60.8,54.08,0,0,,0,0,10.7,3.4,130,1018,0,0.6,208.5,0.8,2,10,Clear,fog,"VIDP,42181099999"
delhi india,2024-11-05T10:00:00,80.6,81.1,59,47.82,0,0,,0,0,12.1,3.4,160,1018,0,1.2,400.5,1.4,4,10,Clear,clear-day,"VIDP,42181099999"
delhi india,2024-11-05T11:00:00,84.6,86.3,64.8,51.53,0,0,,0,0,13.2,1,110,1016.1,0,0.7,553.8,2,6,10,Clear,fog,"42182099999,VIDP,42139099999,42181099999"
delhi india,2024-11-05T12:00:00,86,84.5,55.4,35.29,0,0,,0,0,14.1,6.9,110,1016,0,1.9,665.4,2.4,7,10,Clear,clear-day,"VIDP,42181099999"
delhi india,2024-11-05T13:00:00,87.8,86.1,55.4,33.32,0,0,,0,0,12.8,4.7,80,1015,0,1.9,699.9,2.5,7,10,Clear,clear-day,"VIDP,42181099999"
delhi india,2024-11-05T14:00:00,88.4,90.5,65.4,46.73,0,0,,0,0,11.6,5,13,1012.9,11.2,0.9,650.2,2.3,7,10,Clear,fog,"42182099999,VIDP,42139099999,42181099999"
delhi india,2024-11-05T15:00:00,86,85,57.2,37.66,0,0,,0,0,9.6,4.7,60,1014,0,1.9,578,2.1,6,10,Clear,clear-day,"VIDP,42181099999"
delhi india,2024-11-05T16:00:00,84.2,83.5,57.2,39.89,0,0,,0,0,8.3,3.4,60,1014,0,1.9,413,1.5,4,10,Clear,clear-day,"VIDP,42181099999"
delhi india,2024-11-05T17:00:00,83.2,86,67.4,58.89,0,0,,0,0,6.7,1,89,1013,0.4,0.9,238.2,0.9,2,10,Clear,fog,"42182099999,42176099999,VIDP,42139099999,42181099999"
delhi india,2024-11-05T18:00:00,80.6,80.8,57.2,44.83,0,0,,0,0,4,0,0,1015,0,1.9,60.2,0.2,0,10,Clear,clear-night,"VIDP,42181099999"
delhi india,2024-11-05T19:00:00,78.8,78.8,59,50.72,0,0,,0,0,5.4,0,0,1016,0,1.9,0,0,0,10,Clear,clear-night,"VIDP,42181099999"
delhi india,2024-11-05T20:00:00,72.2,72.2,65,78.06,0,0,,0,0,6,0.6,61.1,1015.3,0,0.9,0,0,0,10,Clear,fog,"42182099999,VIDP,42181099999"
delhi india,2024-11-05T21:00:00,73.4,73.4,60.8,64.72,0,0,,0,0,6.3,2.2,70.4,1016,0,1.9,0,0,0,10,Clear,clear-night,"VIDP,42181099999"
delhi india,2024-11-05T22:00:00,71.6,71.6,60.8,68.77,0,0,,0,0,6.5,3.4,90,1016,0,1.9,0,0,0,10,Clear,clear-night,"VIDP,42181099999"
delhi india,2024-11-05T23:00:00,69.3,69.3,64.4,84.32,0,0,,0,0,6.5,0.6,89,1015.5,0,0.9,0,0,0,10,Clear,fog,"42182099999,VIDP,42181099999"
delhi india,2024-11-06T00:00:00,71.6,71.6,62.6,73.29,0,0,,0,0,6.5,2.2,89.6,1016,0,1.2,0,0,0,10,Clear,clear-night,"VIDP,42181099999"
delhi india,2024-11-06T01:00:00,69.8,69.8,62.6,77.91,0,0,,0,0,6.3,0,0,1016,0,1.2,0,0,0,10,Clear,clear-night,"VIDP,42181099999"
delhi india,2024-11-06T02:00:00,67,67,63.7,89.09,0,0,,0,0,6.3,0,0,1014.8,0,0.7,0,0,0,10,Clear,fog,"42182099999,VIDP,42181099999"
delhi india,2024-11-06T03:00:00,68,68,62.6,82.87,0,0,,0,0,6,0,0,1015,0,1.2,0,0,0,10,Clear,clear-night,"VIDP,42181099999"
delhi india,2024-11-06T04:00:00,68,68,62.6,82.87,0,0,,0,0,5.4,0,0,1015,0,1.2,0,0,0,10,Clear,clear-night,"VIDP,42181099999"
delhi india,2024-11-06T05:00:00,65.3,65.3,63,92.38,0,0,,0,0,4.3,0,0,1015,20,0.7,0,0,0,10,Clear,fog,"42182099999,VIDP,42181099999"
delhi india,2024-11-06T06:00:00,66.2,66.2,62.6,88.19,0,0,,0,0,3.4,0,0,1016,0,1.2,0,0,0,10,Clear,clear-night,"VIDP,42181099999"
delhi india,2024-11-06T07:00:00,68,68,62.6,82.87,0,0,,0,0,3.1,0,0,1017,0,0.6,0,0,0,10,Clear,fog,"VIDP,42181099999"
delhi india,2024-11-06T08:00:00,67.8,67.8,64.9,90.44,0,0,,0,0,3.4,0.6,70,1017.2,99,0.6,39.7,0.1,0,10,Overcast,fog,"42182099999,42176099999,VIDP,42139099999,42181099999"
delhi india,2024-11-06T09:00:00,77,77,62.6,61.16,0,0,,0,0,6,0,0,1018,0,0.6,206.3,0.7,2,10,Clear,fog,"VIDP,42181099999"
delhi india,2024-11-06T10:00:00,80,80.7,59,48.71,0,0,,0,0,7.4,3.4,200,1018,0,1.2,396.6,1.4,4,10,Clear,clear-day,"VIDP,42181099999"
delhi india,2024-11-06T11:00:00,85.8,88.2,66.3,52.23,0,0,,0,0,8.3,2.4,344,1015.8,9.6,0.8,552.2,2,6,10,Clear,fog,"42182099999,VIDP,42139099999,42181099999"
delhi india,2024-11-06T12:00:00,86,85,57.2,37.66,0,0,,0,0,8.3,0,0,1016,0,1.2,657.1,2.4,7,10,Clear,clear-day,"VIDP,42181099999"
delhi india,2024-11-06T13:00:00,86,85,57.2,37.66,0,0,,0,0,7.8,4.7,260,1015,0,1.2,674.8,2.4,7,10,Clear,clear-day,"VIDP,42181099999"
delhi india,2024-11-06T14:00:00,88.2,91.2,67.1,49.78,0,0,,0,0,8.1,3.3,243,1012.9,19,1.3,653.3,2.4,7,10,Clear,clear-day,"42182099999,VIDP,42139099999,42181099999"
delhi india,2024-11-06T15:00:00,86,84.5,55.4,35.29,0,0,,0,0,8.1,4.7,300,1014,0,1.9,565.8,2,6,10,Clear,clear-day,"VIDP,42181099999"
delhi india,2024-11-06T16:00:00,84.2,83.1,55.4,37.38,0,0,,0,0,7.8,3.4,300,1014,0,1.9,398.6,1.4,4,10,Clear,clear-day,"VIDP,42181099999"
delhi india,2024-11-06T17:00:00,82.7,85.9,68.5,62.41,0,0,,0,0,7.2,0,358,1012.8,6.6,0.8,210.1,0.8,2,10,Clear,fog,"42182099999,42176099999,VIDP,42139099999,42181099999"
delhi india,2024-11-06T18:00:00,78.8,78.8,60.8,54.08,0,0,,0,0,4.9,0,0,1015,0,1.2,57.2,0.2,0,10,Clear,clear-night,"VIDP,42181099999"
delhi india,2024-11-06T19:00:00,77,77,62.6,61.16,0,0,,0,0,5.6,0,0,1015,0,1.2,0,0,0,10,Clear,clear-night,"VIDP,42181099999"
delhi india,2024-11-06T20:00:00,73.9,73.9,66.7,78.24,0,0,,0,0,5.6,0,0,1014.5,5,0.7,0,0,0,10,Clear,fog,"42182099999,VIDP,42181099999"
delhi india,2024-11-06T21:00:00,75.2,75.2,62.6,64.93,0,0,,0,0,5.6,0,0,1015,0,1.2,0,0,0,10,Clear,clear-night,"VIDP,42181099999"
delhi india,2024-11-06T22:00:00,73.4,73.4,62.6,68.97,0,0,,0,0,4.9,0,0,1015,0,1.2,0,0,0,10,Clear,clear-night,"VIDP,42181099999"
delhi india,2024-11-06T23:00:00,70.7,70.7,65.7,84.07,0,0,,0,0,4.7,1,96,1014.5,0.2,0.7,0,0,0,10,Clear,fog,"42182099999,VIDP,42181099999"
delhi india,2024-11-07T00:00:00,71.6,71.6,62.6,73.29,0,0,,0,0,4.5,0,0,1015,0,1.2,0,0,0,10,Clear,clear-night,"VIDP,42181099999"
delhi india,2024-11-07T01:00:00,71.6,71.6,62.6,73.29,0,0,,0,0,6,0,0,1015,0,1.2,0,0,0,10,Clear,clear-night,"VIDP,42181099999"
delhi india,2024-11-07T02:00:00,68.1,68.1,64.8,89.21,0,0,,0,0,6,0,0,1013.7,0,0.7,0,0,0,10,Clear,fog,"42182099999,VIDP,42181099999"
delhi india,2024-11-07T03:00:00,69.8,69.8,62.6,77.91,0,0,,0,0,6,2.2,80,1014,0,1.2,0,0,0,10,Clear,clear-night,"VIDP,42181099999"
delhi india,2024-11-07T04:00:00,69.8,69.8,64.4,82.99,0,0,,0,0,5.8,2.2,80,1014,0,1.2,0,0,0,10,Clear,clear-night,"VIDP,42181099999"
delhi india,2024-11-07T05:00:00,67,67,64.2,90.49,0,0,,0,0,5.8,1.1,96,1014,0,0.7,0,0,0,10,Clear,fog,"42182099999,VIDP,42181099999"
delhi india,2024-11-07T06:00:00,69.8,69.8,64.4,82.99,0,0,,0,0,5.8,3.4,120,1015,0,0.6,0,0,0,10,Clear,fog,"VIDP,42181099999"
delhi india,2024-11-07T07:00:00,68,68,64.4,88.27,0,0,,0,0,5.6,3.4,100,1016,0,0.6,0,0,0,10,Clear,fog,"VIDP,42181099999"
delhi india,2024-11-07T08:00:00,69.4,69.4,65.6,87.73,0,0,,0,0,5.4,0.8,87,1015.9,0,0.6,37.5,0.1,0,10,Clear,fog,"42182099999,42176099999,VIDP,42139099999,42181099999"
delhi india,2024-11-07T09:00:00,77,77,62.6,61.16,0,0,,0,0,7.8,3.4,110,1017,0,0.6,200.1,0.7,2,10,Clear,fog,"VIDP,42181099999"
delhi india,2024-11-07T10:00:00,80.6,81.8,62.6,54.33,0,0,,0,0,9.8,3.4,130,1017,0,0.6,388.6,1.4,4,10,Clear,fog,"VIDP,42181099999"
delhi india,2024-11-07T11:00:00,83.8,86.6,67.2,57.56,0,0,,0,0,11.2,2.6,136,1014.8,3.2,0.6,542,2,5,10,Clear,fog,"42182099999,VIDP,42139099999,42181099999"
delhi india,2024-11-07T12:00:00,86,86,60.8,42.83,0,0,,0,0,11.4,2.2,124.5,1015,0,1.2,644.2,2.3,6,10,Clear,clear-day,"VIDP,42181099999"
delhi india,2024-11-07T13:00:00,86,86,60.8,42.83,0,0,,0,0,9.8,2.2,100,1014,0,1.2,640.1,2.3,6,10,Clear,clear-day,"VIDP,42181099999"
delhi india,2024-11-07T14:00:00,87.6,92.1,69.2,54.56,0,0,,0,0,9.6,2.5,104,1012.2,34.8,0.7,595.3,2.1,6,10,Partially cloudy,fog,"42182099999,VIDP,42139099999,42181099999"
delhi india,2024-11-07T15:00:00,86,86,60.8,42.83,0,0,,0,0,8.9,3.4,100,1013,0,1.2,499.7,1.8,5,10,Clear,clear-day,"VIDP,42181099999"
delhi india,2024-11-07T16:00:00,84.2,84.4,60.8,45.37,0,0,,0,0,8.1,3.4,90,1013,0,1.2,387.4,1.4,4,10,Clear,clear-day,"VIDP,42181099999"
delhi india,2024-11-07T17:00:00,82,86.1,70.7,68.85,0,0,,0,0,6.9,1.3,83,1012.2,6.4,0.7,222.5,0.8,2,10,Clear,fog,"42182099999,42176099999,VIDP,42139099999,42181099999"
delhi india,2024-11-07T18:00:00,80.6,82.3,64.4,57.87,0,0,,0,0,5.1,4.7,90,1014,0,1.2,55.1,0.2,0,10,Clear,clear-night,"VIDP,42181099999"
delhi india,2024-11-07T19:00:00,78.8,78.8,64.4,61.39,0,0,,0,0,6,3.4,110,1015,0,1.2,0,0,0,10,Clear,clear-night,"VIDP,42181099999"
delhi india,2024-11-07T20:00:00,74.3,74.3,68.1,80.88,0,0,,0,0,6,1.1,110,1014.1,6.8,0.7,0,0,0,10,Clear,fog,"42182099999,VIDP,42181099999"
delhi india,2024-11-07T21:00:00,77,77,64.4,65.14,0,0,,0,0,6.3,3.4,110,1015,0,1.2,0,0,0,10,Clear,clear-night,"VIDP,42181099999"
delhi india,2024-11-07T22:00:00,73.4,73.4,64.4,73.46,0,0,,0,0,6,3.4,100,1015,0,1.2,0,0,0,10,Clear,clear-night,"VIDP,42181099999"
delhi india,2024-11-07T23:00:00,71,71,67.3,88.19,0,0,,0,0,5.6,1,104,1014.5,2.8,0.7,0,0,0,10,Clear,fog,"42182099999,VIDP,42181099999"
delhi india,2024-11-08T00:00:00,71.6,71.6,66.2,83.11,0,0,,0,0,5.1,3.4,100,1015,0,1.2,0,0,0,10,Clear,clear-night,"VIDP,42181099999"
delhi india,2024-11-08T01:00:00,69.8,69.8,64.4,82.99,0,0,,0,0,6,0,0,1015,0,1.2,0,0,0,10,Clear,clear-night,"VIDP,42181099999"
delhi india,2024-11-08T02:00:00,68.7,68.7,65.2,88.72,0,0,,0,0,5.6,0.6,142.9,1013.5,0.2,0.7,0,0,0,10,Clear,fog,"42182099999,VIDP,42181099999"
delhi india,2024-11-08T03:00:00,69.8,69.8,64.4,82.99,0,0,,0,0,5.6,0,0,1014,0,1.2,0,0,0,10,Clear,clear-night,"VIDP,42181099999"
delhi india,2024-11-08T04:00:00,68,68,64.4,88.27,0,0,,0,0,5.4,0,0,1014,0,1.2,0,0,0,10,Clear,clear-night,"VIDP,42181099999"
delhi india,2024-11-08T05:00:00,67.2,67.2,64.9,92.15,0,0,,0,0,5.6,0,0,1013.6,0,0.6,0,0,0,10,Clear,fog,"42182099999,VIDP,42181099999"
delhi india,2024-11-08T06:00:00,68,68,64.4,88.27,0,0,,0,0,6,4.7,120,1015,0,0.6,0,0,0,10,Clear,fog,"VIDP,42181099999"
delhi india,2024-11-08T07:00:00,68,68,64.4,88.27,0,0,,0,0,6,4.7,130,1015,0,0.6,0,0,0,10,Clear,fog,"VIDP,42181099999"
delhi india,2024-11-08T08:00:00,69.2,69.2,66.2,90.27,0,0,,0,0,6.3,1,154,1015.8,0,0.6,36.2,0.1,0,10,Clear,fog,"42182099999,42176099999,VIDP,42139099999,42181099999"
delhi india,2024-11-08T09:00:00,77,77,62.6,61.16,0,0,,0,0,8.7,3.4,150,1017,0,0.6,198.8,0.7,2,10,Clear,fog,"VIDP,42181099999"
delhi india,2024-11-08T10:00:00,80.6,81.8,62.6,54.33,0,0,,0,0,10.1,4.7,150,1017,0,0.6,386.4,1.4,4,10,Clear,fog,"VIDP,42181099999"
delhi india,2024-11-08T11:00:00,83.2,86.8,68.9,62.02,0,0,,0,0,11.6,4.4,30,1014.8,0.4,0.7,541.2,1.9,5,10,Clear,fog,"42182099999,VIDP,42139099999,42181099999"
delhi india,2024-11-08T12:00:00,84.2,85.7,64.4,51.5,0,0,,0,0,11.6,4.7,150,1015,0,1.2,637.9,2.3,6,10,Clear,clear-day,"VIDP,42181099999"
delhi india,2024-11-08T13:00:00,86,87.5,64.4,48.62,0,0,,0,0,9.8,3.4,140,1014,0,1.2,603,2.2,6,10,Clear,clear-day,"VIDP,42181099999"
delhi india,2024-11-08T14:00:00,87.6,92.1,69.3,54.65,0,0,,0,0,8.9,3.7,10,1011.9,22.2,0.7,621.9,2.2,6,10,Partially cloudy,fog,"42182099999,VIDP,42139099999,42181099999"
delhi india,2024-11-08T15:00:00,86,86.7,62.6,45.64,0,0,,0,0,8.1,3.4,110,1013,0,1.2,529,1.9,5,10,Clear,clear-day,"VIDP,42181099999"
delhi india,2024-11-08T16:00:00,84.2,85,62.6,48.35,0,0,,0,0,7.4,3.4,110,1013,0,1.2,386.2,1.4,4,10,Clear,clear-day,"VIDP,42181099999"
delhi india,2024-11-08T17:00:00,82.2,86.4,70.7,68.39,0,0,,0,0,6.7,1,89,1011.7,8.6,0.7,221.6,0.8,2,10,Clear,fog,"42182099999,42176099999,VIDP,42139099999,42181099999"
delhi india,2024-11-08T18:00:00,78.8,78.8,66.2,65.35,0,0,,0,0,5.1,3.4,90,1014,0,1.2,49.7,0.2,0,10,Clear,clear-night,"VIDP,42181099999"
delhi india,2024-11-08T19:00:00,77,77,64.4,65.14,0,0,,0,0,5.8,3.4,90,1014,0,1.2,0,0,0,10,Clear,clear-night,"VIDP,42181099999"
delhi india,2024-11-08T20:00:00,74.6,74.6,69.9,85.38,0,0,,0,0,6,1,104,1013.5,4.8,0.7,0,0,0,10,Clear,fog,"42182099999,VIDP,42181099999"
delhi india,2024-11-08T21:00:00,75.2,75.2,64.4,69.16,0,0,,0,0,6,3.4,90,1015,0,1.2,0,0,0,10,Clear,clear-night,"VIDP,42181099999"
delhi india,2024-11-08T22:00:00,73.4,73.4,64.4,73.46,0,0,,0,0,6,4.7,100,1014,0,1.2,0,0,0,10,Clear,clear-night,"VIDP,42181099999"
delhi india,2024-11-08T23:00:00,71.1,71.1,67.1,87.12,0,0,,0,0,6.3,1,90,1014,2.6,0.7,0,0,0,10,Clear,fog,"42182099999,VIDP,42181099999"
delhi india,2024-11-09T00:00:00,71.6,71.6,66.2,83.11,0,0,,0,0,6,2.2,100,1014,0,1.2,0,0,0,10,Clear,clear-night,"VIDP,42181099999"
delhi india,2024-11-09T01:00:00,71.6,71.6,66.2,83.11,0,0,,0,0,6.3,3.4,100,1014,0,1.2,0,0,0,10,Clear,clear-night,"VIDP,42181099999"
delhi india,2024-11-09T02:00:00,69,69,66.3,91.05,0,0,,0,0,5.8,0.6,90,1013.6,0,0.7,0,0,0,10,Clear,fog,"42182099999,VIDP,42181099999"
delhi india,2024-11-09T03:00:00,69.8,69.8,64.4,82.99,0,0,,0,0,5.8,3.4,100,1014,0,1.2,0,0,0,10,Clear,clear-night,"VIDP,42181099999"
delhi india,2024-11-09T04:00:00,69.8,69.8,64.4,82.99,0,0,,0,0,5.6,3.4,100,1014,0,1.2,0,0,0,10,Clear,clear-night,"VIDP,42181099999"
delhi india,2024-11-09T05:00:00,67.5,67.5,65.4,92.97,0,0,,0,0,5.4,1,90,1013.7,0,0.7,0,0,0,10,Clear,fog,"42182099999,VIDP,42181099999"
delhi india,2024-11-09T06:00:00,68,68,64.4,88.27,0,0,,0,0,5.4,3.4,80,1015,0,1.2,0,0,0,10,Clear,clear-night,"VIDP,42181099999"
delhi india,2024-11-09T07:00:00,69.8,69.8,64.4,82.99,0,0,,0,0,5.4,4.7,80,1016,0,0.6,0,0,0,10,Clear,fog,"VIDP,42181099999"
delhi india,2024-11-09T08:00:00,69.5,69.5,66.9,91.49,0,0,,0,0,7.2,2.9,95,1015.8,3.4,0.6,33.5,0.1,0,10,Clear,fog,"42182099999,42176099999,VIDP,42139099999,42181099999"
delhi india,2024-11-09T09:00:00,77,77,66.2,69.35,0,0,,0,0,9.8,5.8,120,1017,0,0.6,188,0.7,2,10,Clear,fog,"VIDP,42181099999"
delhi india,2024-11-09T10:00:00,80.6,82.3,64.4,57.87,0,0,,0,0,12.1,6.9,130,1017,0,0.6,372.3,1.3,4,10,Clear,fog,"VIDP,42181099999"
delhi india,2024-11-09T11:00:00,84.2,87.9,68.8,59.91,0,0,,0,0,13.9,3.2,121,1014.8,5.6,0.7,491.3,1.8,5,10,Clear,fog,"42182099999,VIDP,42139099999,42181099999"
delhi india,2024-11-09T12:00:00,86,86.7,62.6,45.64,0,0,,0,0,13.9,6.9,130,1015,0,1.2,567.2,2,6,10,Clear,clear-day,"VIDP,42181099999"
delhi india,2024-11-09T13:00:00,87.8,88.5,62.6,43.1,0,0,,0,0,13.4,6.9,130,1014,0,1.2,501.1,1.8,5,10,Clear,clear-day,"VIDP,42181099999"
delhi india,2024-11-09T14:00:00,88.5,92.9,68.9,52.59,0,0,,0,0,12.8,4,133,1012,22.4,0.8,529.3,1.9,5,10,Partially cloudy,fog,"42182099999,VIDP,42139099999,42181099999"
delhi india,2024-11-09T15:00:00,87.8,87.7,60.8,40.45,0,0,,0,0,10.7,5.8,120,1013,0,1.2,483.6,1.7,5,10,Clear,clear-day,"VIDP,42181099999"
delhi india,2024-11-09T16:00:00,86,86,60.8,42.83,0,0,,0,0,9.2,5.8,110,1013,0,1.2,357,1.3,4,10,Clear,clear-day,"VIDP,42181099999"
delhi india,2024-11-09T17:00:00,82.7,87.2,70.9,67.54,0,0,,0,0,8.3,1.7,83,1011.7,6,0.8,196.8,0.7,2,10,Clear,fog,"42182099999,42176099999,VIDP,42139099999,42181099999"
delhi india,2024-11-09T18:00:00,80.6,82.7,66.2,61.61,0,0,,0,0,7.2,5.8,70,1014,0,1.2,49.8,0.2,0,10,Clear,clear-night,"VIDP,42181099999"
delhi india,2024-11-09T19:00:00,78.8,78.8,66.2,65.35,0,0,,0,0,8.1,4.7,80,1014,0,1.2,0,0,0,10,Clear,clear-night,"VIDP,42181099999"
delhi india,2024-11-09T20:00:00,75.1,75.1,69,81.2,0,0,,0,0,8.7,1.3,84,1013.5,0.6,0.7,0,0,0,10,Clear,fog,"42182099999,VIDP,42181099999"
delhi india,2024-11-09T21:00:00,77,77,66.2,69.35,0,0,,0,0,8.9,3.4,90,1015,0,1.2,0,0,0,10,Clear,clear-night,"VIDP,42181099999"
delhi india,2024-11-09T22:00:00,75.2,75.2,66.2,73.63,0,0,,0,0,8.7,4.7,90,1015,0,1.2,0,0,0,10,Clear,clear-night,"VIDP,42181099999"
delhi india,2024-11-09T23:00:00,72.6,72.6,68,85.32,0,0,,0,0,8.3,1.7,90,1014,0,0.7,0,0,0,10,Clear,fog,"42182099999,VIDP,42181099999"
delhi india,2024-11-10T00:00:00,73.4,73.4,66.2,78.21,0,0,,0,0,7.8,4.7,100,1014,0,1.2,0,0,0,10,Clear,clear-night,"VIDP,42181099999"
delhi india,2024-11-10T01:00:00,71.6,71.6,66.2,83.11,0,0,,0,0,6.7,4.7,90,1014,0,1.2,0,0,0,10,Clear,clear-night,"VIDP,42181099999"
delhi india,2024-11-10T02:00:00,69.7,69.7,66.8,90.55,0,0,,0,0,6,1.7,90,1013.5,0,0.7,0,0,0,10,Clear,fog,"42182099999,VIDP,42181099999"
delhi india,2024-11-10T03:00:00,69.8,69.8,66.2,88.35,0,0,,0,0,6,4.7,100,1014,0,1.2,0,0,0,10,Clear,clear-night,"VIDP,42181099999"
delhi india,2024-11-10T04:00:00,69.8,69.8,66.2,88.35,0,0,,0,0,6.3,3.4,100,1014,0,1.2,0,0,0,10,Clear,clear-night,"VIDP,42181099999"
delhi india,2024-11-10T05:00:00,67.6,67.6,65.9,94.22,0,0,,0,0,6.7,1,104,1013.7,1.6,0.7,0,0,0,10,Clear,fog,"42182099999,VIDP,42181099999"
delhi india,2024-11-10T06:00:00,68,68,66.2,93.97,0,0,,0,0,6.7,3.4,90,1015,0,1.2,0,0,0,10,Clear,clear-night,"VIDP,42181099999"
delhi india,2024-11-10T07:00:00,69.8,69.8,66.2,88.35,0,0,,0,0,6.9,3.4,110,1015,0,0.6,0,0,0,10,Clear,fog,"VIDP,42181099999"
delhi india,2024-11-10T08:00:00,70.7,70.7,66.4,86.15,0,0,,0,0,8.7,1.4,114,1015.5,0.6,0.6,30.4,0.1,0,10,Clear,fog,"42182099999,42176099999,VIDP,42139099999,42181099999"
delhi india,2024-11-10T09:00:00,75.2,75.2,66.2,73.63,0,0,,0,0,10.7,4.7,110,1017,0,0.6,178.8,0.6,2,10,Clear,fog,"VIDP,42181099999"
delhi india,2024-11-10T10:00:00,80.6,82.3,64.4,57.87,0,0,,0,0,13,0,0,1017,0,1.2,369,1.3,4,10,Clear,clear-day,"VIDP,42181099999"
delhi india,2024-11-10T11:00:00,81.6,83.8,66.2,59.77,0,0,,0,0,13.4,0.6,160,1014.9,0,0.7,513.9,1.9,5,10,Clear,fog,"42182099999,VIDP,42139099999,42181099999"
delhi india,2024-11-10T12:00:00,84.2,85,62.6,48.35,0,0,,0,0,13.4,2.2,129.2,1015,0,1.2,628.7,2.3,6,10,Clear,clear-day,"VIDP,42181099999"
delhi india,2024-11-10T13:00:00,86,87.5,64.4,48.62,0,0,,0,0,11.2,2.2,122,1014,0,1.2,678.2,2.4,7,10,Clear,clear-day,"VIDP,42181099999"
delhi india,2024-11-10T14:00:00,86.7,91.6,70,57.52,0,0,,0,0,10.7,1,35,1012.1,0.6,0.7,644.4,2.3,6,10,Clear,fog,"42182099999,VIDP,42139099999,42181099999"
delhi india,2024-11-10T15:00:00,86,87.5,64.4,48.62,0,0,,0,0,9.4,3.4,50,1013,0,1.2,548.7,2,5,10,Clear,clear-day,"VIDP,42181099999"
delhi india,2024-11-10T16:00:00,84.2,86.5,66.2,54.83,0,0,,0,0,8.3,3.4,20,1013,0,1.2,392,1.4,4,10,Clear,clear-day,"VIDP,42181099999"
delhi india,2024-11-10T17:00:00,82.1,86.7,71.4,70.09,0,0,,0,0,6.9,1,20,1011.9,6.6,0.8,218.5,0.8,2,10,Clear,fog,"42182099999,42176099999,VIDP,42139099999,42181099999"
delhi india,2024-11-10T18:00:00,78.8,78.8,66.2,65.35,0,0,,0,0,3.4,0,0,1014,0,1.2,50.2,0.2,0,10,Clear,clear-night,"VIDP,42181099999"
delhi india,2024-11-10T19:00:00,77,77,66.2,69.35,0,0,,0,0,5.1,0,0,1014,0,1.2,0,0,0,10,Clear,clear-night,"VIDP,42181099999"
delhi india,2024-11-10T20:00:00,73.6,73.6,68,82.67,0,0,,0,0,6,0,0,1014.2,12.6,0.8,0,0,0,10,Clear,fog,"42182099999,VIDP,42181099999"
delhi india,2024-11-10T21:00:00,75.2,75.2,66.2,73.63,0,0,,0,0,6.7,0,0,1015,0,1.2,0,0,0,10,Clear,clear-night,"VIDP,42181099999"
delhi india,2024-11-10T22:00:00,73.4,73.4,66.2,78.21,0,0,,0,0,6.5,0,0,1015,0,1.2,0,0,0,10,Clear,clear-night,"VIDP,42181099999"
delhi india,2024-11-10T23:00:00,70.6,70.6,66.9,88.06,0,0,,0,0,5.8,0,0,1014.7,33.8,0.7,0,0,0,10,Partially cloudy,fog,"42182099999,VIDP,42181099999"
delhi india,2024-11-11T00:00:00,71.6,71.6,66.2,83.11,0,0,,0,0,5.6,0,0,1015,0,1.2,0,0,0,10,Clear,clear-night,"VIDP,42181099999"
delhi india,2024-11-11T01:00:00,71.6,71.6,66.2,83.11,0,0,,0,0,5.6,0,0,1015,0,1.2,0,0,0,10,Clear,clear-night,"VIDP,42181099999"
delhi india,2024-11-11T02:00:00,68.2,68.2,65.7,91.74,0,0,,0,0,5.1,0,0,1013.8,50.8,0.7,0,0,0,10,Partially cloudy,fog,"42182099999,VIDP,42181099999"
delhi india,2024-11-11T03:00:00,69.8,69.8,66.2,88.35,0,0,,0,0,4.7,3.4,60,1014,0,1.2,0,0,0,10,Clear,clear-night,"VIDP,42181099999"
delhi india,2024-11-11T04:00:00,68,68,68,100,0,0,,0,0,4.3,0,0,1014,0,1.2,0,0,0,10,Clear,clear-night,"VIDP,42181099999"
delhi india,2024-11-11T05:00:00,65.8,65.8,64.1,94.42,0,0,,0,0,4.7,0,0,1013.8,52.2,0.7,0,0,0,10,Partially cloudy,fog,"42182099999,VIDP,42181099999"
delhi india,2024-11-11T06:00:00,66.2,66.2,66.2,100,0,0,,0,0,4.5,0,0,1015,0,1.2,0,0,0,10,Clear,clear-night,"VIDP,42181099999"
delhi india,2024-11-11T07:00:00,68,68,66.2,93.97,0,0,,0,0,4.5,0,0,1016,0,0.6,0,0,0,10,Clear,fog,"VIDP,42181099999"
delhi india,2024-11-11T08:00:00,68,68,65.6,91.95,0,0,,0,0,6.7,0,3,1015.8,46.4,0.6,24.8,0.1,0,10,Partially cloudy,fog,"42182099999,42176099999,VIDP,42139099999,42181099999"
delhi india,2024-11-11T09:00:00,77,77,64.4,65.14,0,0,,0,0,8.1,0,0,1017,0,0.6,159.4,0.6,2,10,Clear,fog,"VIDP,42181099999"
delhi india,2024-11-11T10:00:00,80.6,82.3,64.4,57.87,0,0,,0,0,9.2,0,0,1017,0,0.6,297.2,1.1,3,10,Clear,fog,"VIDP,42181099999"
delhi india,2024-11-11T11:00:00,82.9,86.3,68.6,61.99,0,0,,0,0,9.8,3,53,1014.8,40.2,0.6,477.6,1.7,5,10,Partially cloudy,fog,"42182099999,VIDP,42139099999,42181099999"
delhi india,2024-11-11T12:00:00,86,86,60.8,42.83,0,0,,0,0,10.5,3.4,70,1015,0,1.2,603.4,2.2,6,10,Clear,clear-day,"VIDP,42181099999"
delhi india,2024-11-11T13:00:00,86,85.5,59,40.17,0,0,,0,0,9.6,2.2,87.7,1014,0,1.2,606.6,2.2,6,10,Clear,clear-day,"VIDP,42181099999"
delhi india,2024-11-11T14:00:00,87.9,91.4,67.8,51.43,0,0,,0,0,9.4,2.6,111,1011.8,23,0.7,600,2.2,6,10,Partially cloudy,fog,"42182099999,VIDP,42139099999,42181099999"
delhi india,2024-11-11T15:00:00,87.8,87.1,59,37.94,0,0,,0,0,8.5,3.4,120,1013,0,1.2,518.2,1.9,5,10,Clear,clear-day,"VIDP,42181099999"
delhi india,2024-11-11T16:00:00,86,85.5,59,40.17,0,0,,0,0,7.4,3.4,40,1013,0,1.2,404.4,1.5,4,10,Clear,clear-day,"VIDP,42181099999"
delhi india,2024-11-11T17:00:00,82.4,86.7,70.8,68.15,0,0,,0,0,6.3,0,4,1011.5,6.6,0.8,221,0.8,2,10,Clear,fog,"42182099999,42176099999,VIDP,42139099999,42181099999"
delhi india,2024-11-11T18:00:00,80.6,82.7,66.2,61.61,0,0,,0,0,3.6,0,0,1013,0,1.2,51.1,0.2,0,10,Clear,clear-night,"VIDP,42181099999"
delhi india,2024-11-11T19:00:00,78.8,78.8,64.4,61.39,0,0,,0,0,2.2,2.2,30.7,1014,0,1.2,0,0,0,10,Clear,clear-night,"VIDP,42181099999"
delhi india,2024-11-11T20:00:00,73.9,73.9,68.2,82.42,0,0,,0,0,2.7,1,110,1013.1,5.6,0.8,0,0,0,10,Clear,fog,"42182099999,VIDP,42181099999"
delhi india,2024-11-11T21:00:00,75.2,75.2,66.2,73.63,0,0,,0,0,4.7,0,0,1014,0,1.2,0,0,0,10,Clear,clear-night,"VIDP,42181099999"
delhi india,2024-11-11T22:00:00,75.2,75.2,66.2,73.63,0,0,,0,0,5.8,0,0,1015,0,1.2,0,0,0,10,Clear,clear-night,"VIDP,42181099999"
delhi india,2024-11-11T23:00:00,70.5,70.5,66.7,87.65,0,0,,0,0,6,0,0,1013.8,0,0.8,0,0,0,10,Clear,fog,"42182099999,VIDP,42181099999"
delhi india,2024-11-12T00:00:00,71.6,71.6,66.2,83.11,0,0,,0,0,6.3,2.2,70,1014,0,1.2,0,0,0,10,Clear,clear-night,"VIDP,42181099999"
delhi india,2024-11-12T01:00:00,69.8,69.8,66.2,88.35,0,0,,0,0,5.6,2.2,110,1014,0,1.2,0,0,0,10,Clear,clear-night,"VIDP,42181099999"
delhi india,2024-11-12T02:00:00,68.1,68.1,65.1,90.11,0,0,,0,0,5.4,0,0,1013.5,0,0.8,0,0,0,10,Clear,fog,"42182099999,VIDP,42181099999"
delhi india,2024-11-12T03:00:00,69.8,69.8,66.2,88.35,0,0,,0,0,5.6,0,0,1014,0,1.2,0,0,0,10,Clear,clear-night,"VIDP,42181099999"
delhi india,2024-11-12T04:00:00,68,68,66.2,93.97,0,0,,0,0,5.6,0,0,1014,0,1.2,0,0,0,10,Clear,clear-night,"VIDP,42181099999"
delhi india,2024-11-12T05:00:00,66.6,66.6,64.8,94.09,0,0,,0,0,4.9,0,0,1013.6,0,0.7,0,0,0,10,Clear,fog,"42182099999,VIDP,42181099999"
delhi india,2024-11-12T06:00:00,68,68,66.2,93.97,0,0,,0,0,4.9,5.8,90,1014,0,1.2,0,0,0,10,Clear,clear-night,"VIDP,42181099999"
delhi india,2024-11-12T07:00:00,68,68,66.2,93.97,0,0,,0,0,5.1,4.7,110,1015,0,0.6,0,0,0,10,Clear,fog,"VIDP,42181099999"
delhi india,2024-11-12T08:00:00,69.4,69.4,66.5,90.55,0,0,,0,0,6.3,2.5,204,1015.2,100,0.6,31.1,0.1,0,10,Overcast,fog,"42182099999,42176099999,VIDP,42139099999,42181099999"
delhi india,2024-11-12T09:00:00,78.8,78.8,66.2,65.35,0,0,,0,0,8.7,3.4,190,1016,0,0.6,186.7,0.7,2,10,Clear,fog,"VIDP,42181099999"
delhi india,2024-11-12T10:00:00,80.6,82.3,64.4,57.87,0,0,,0,0,10.5,6.9,220,1016,0,0.6,373.9,1.3,4,10,Clear,fog,"VIDP,42181099999"
delhi india,2024-11-12T11:00:00,85.7,88.8,67.5,54.65,0,0,,0,0,11.2,5.5,294,1014.2,0,0.7,531.3,1.9,5,10,Clear,fog,"42182099999,VIDP,42139099999,42181099999"
delhi india,2024-11-12T12:00:00,86,86,60.8,42.83,0,0,,0,0,11,4.7,250,1015,0,1.2,636.1,2.3,6,10,Clear,clear-day,"VIDP,42181099999"
delhi india,2024-11-12T13:00:00,87.8,87.1,59,37.94,0,0,,0,0,9.4,4.7,260,1014,0,1.9,660.2,2.4,7,10,Clear,clear-day,"VIDP,42181099999"
delhi india,2024-11-12T14:00:00,89.6,90.1,62.1,39.98,0,0,,0,0,10.7,8.8,272,1011.7,16,1.4,647.4,2.3,6,10,Clear,clear-day,"42182099999,VIDP,42139099999,42181099999"
delhi india,2024-11-12T15:00:00,87.8,84.7,46.4,23.88,0,0,,0,0,11.6,9.2,280,1013,0,2.5,534.6,1.9,5,10,Clear,clear-day,"VIDP,42181099999"
delhi india,2024-11-12T16:00:00,86,83.4,48.2,27.06,0,0,,0,0,11.9,6.9,290,1013,0,2.5,386.2,1.4,4,10,Clear,clear-day,"VIDP,42181099999"
delhi india,2024-11-12T17:00:00,82.8,84.5,64.6,54.17,0,0,,0,0,11.2,2,270,1011.3,1.2,1.3,220.9,0.8,2,10,Clear,clear-day,"42182099999,42176099999,VIDP,42139099999,42181099999"
delhi india,2024-11-12T18:00:00,80.6,79.9,50,34.45,0,0,,0,0,6.5,8.1,280,1013,0,1.9,48,0.2,0,10,Clear,clear-night,"VIDP,42181099999"
delhi india,2024-11-12T19:00:00,78.8,78.8,51.8,39.06,0,0,,0,0,6.3,4.7,280,1014,0,1.9,0,0,0,10,Clear,clear-night,"VIDP,42181099999"
delhi india,2024-11-12T20:00:00,71,71,60.6,69.64,0,0,,0,0,6,1,290,1013.5,0,1.3,0,0,0,10,Clear,clear-night,"42182099999,VIDP,42181099999"
delhi india,2024-11-12T21:00:00,73.4,73.4,59,60.7,0,0,,0,0,5.8,3.4,320,1015,0,1.2,0,0,0,10,Clear,clear-night,"VIDP,42181099999"
delhi india,2024-11-12T22:00:00,73.4,73.4,60.8,64.72,0,0,,0,0,5.6,2.2,300,1014,0,0.6,0,0,0,10,Clear,fog,"VIDP,42181099999"
delhi india,2024-11-12T23:00:00,68.2,68.2,60.1,75.37,0,0,,0,0,5.1,0.6,284,1013.4,0,0.6,0,0,0,10,Clear,fog,"42182099999,VIDP,42181099999"
delhi india,2024-11-13T00:00:00,71.6,71.6,64.4,78.06,0,0,,0,0,5.1,3.4,340,1013,0,0.6,0,0,0,10,Clear,fog,"VIDP,42181099999"
delhi india,2024-11-13T01:00:00,69.8,69.8,66.2,88.35,0,0,,0,0,6.5,3.4,290,1013,0,0.6,0,0,0,10,Clear,fog,"VIDP,42181099999"
delhi india,2024-11-13T02:00:00,65.8,65.8,64.2,94.35,0,0,,0,0,6.5,1,264,1012.4,0,0.5,0,0,0,10,Clear,fog,"42182099999,VIDP,42181099999"
delhi india,2024-11-13T03:00:00,66.2,66.2,64.4,93.93,0,0,,0,0,6.9,4.7,250,1013,100,0,0,0,0,10,Overcast,cloudy,"VIDP,42181099999"
delhi india,2024-11-13T04:00:00,64.4,64.4,64.4,100,0,0,,0,0,6.9,4.7,260,1013,100,0,0,0,0,10,Overcast,cloudy,"VIDP,42181099999"
delhi india,2024-11-13T05:00:00,66.3,66.3,66,98.99,0,0,,0,0,6.5,3.7,264,1012.2,100,0,0,0,0,10,Overcast,cloudy,"42182099999,VIDP,42181099999"
delhi india,2024-11-13T06:00:00,66.2,66.2,64.4,93.93,0,0,,0,0,6,4.7,260,1013,100,0,0,0,0,10,Overcast,cloudy,"VIDP,42181099999"
delhi india,2024-11-13T07:00:00,66.2,66.2,64.4,93.93,0,0,,0,0,5.6,4.7,240,1014,100,0,0,0,0,10,Overcast,cloudy,"VIDP,42181099999"
delhi india,2024-11-13T08:00:00,68,68,65.9,93.15,0,0,,0,0,7.4,4,260,1014.8,100,0,31.5,0.1,0,10,Overcast,cloudy,"42182099999,42176099999,VIDP,42139099999,42181099999"
delhi india,2024-11-13T09:00:00,66.2,66.2,64.4,93.93,0,0,,0,0,9.8,4.7,250,1016,100,0,193.4,0.7,2,10,Overcast,cloudy,"VIDP,42181099999"
delhi india,2024-11-13T10:00:00,66.2,66.2,64.4,93.93,0,0,,0,0,11.2,5.8,260,1016,100,0,383.1,1.4,4,10,Overcast,cloudy,"VIDP,42181099999"
delhi india,2024-11-13T11:00:00,72.2,72.2,67.2,84.31,0,0,,0,0,12.8,6.3,269,1014.5,100,0.6,541.8,2,5,10,Overcast,fog,"42182099999,VIDP,42139099999,42181099999"
delhi india,2024-11-13T12:00:00,73.4,73.4,66.2,78.21,0,0,,0,0,14.1,3.4,260,1014,0,0.6,646.8,2.3,6,10,Clear,fog,"VIDP,42181099999"
delhi india,2024-11-13T13:00:00,77,77,62.6,61.16,0,0,,0,0,15.2,3.4,260,1013,0,0.6,610.2,2.2,6,10,Clear,fog,"VIDP,42181099999"
delhi india,2024-11-13T14:00:00,79.9,79.9,67.6,66.04,0,0,,0,0,15.4,4,292,1011.5,13.4,0.6,613.1,2.2,6,10,Clear,fog,"42182099999,VIDP,42139099999,42181099999"
delhi india,2024-11-13T15:00:00,78.8,78.8,62.6,57.63,0,0,,0,0,15,4.7,300,1012,0,0.6,529.8,1.9,5,10,Clear,fog,"VIDP,42181099999"
delhi india,2024-11-13T16:00:00,77,77,62.6,61.16,0,0,,0,0,14.3,4.7,320,1012,0,0.6,397.4,1.4,4,10,Clear,fog,"VIDP,42181099999"
delhi india,2024-11-13T17:00:00,76.3,76.3,68.2,76.06,0,0,,0,0,13,0.6,320,1011.3,0,0.6,225.5,0.8,2,10,Clear,fog,"42182099999,42176099999,VIDP,42139099999,42181099999"
delhi india,2024-11-13T18:00:00,73.4,73.4,64.4,73.46,0,0,,0,0,8.3,2.2,331.2,1012,0,0.6,51,0.2,0,10,Clear,fog,"VIDP,42181099999"
delhi india,2024-11-13T19:00:00,71.6,71.6,66.2,83.11,0,0,,0,0,5.8,0,0,1013,0,0.6,0,0,0,10,Clear,fog,"VIDP,42181099999"
delhi india,2024-11-13T20:00:00,68.2,68.2,65.2,90.02,0,0,,0,0,4.9,0,0,1013.2,0,0.2,0,0,0,10,Clear,fog,"42182099999,VIDP,42181099999"
delhi india,2024-11-13T21:00:00,68,68,64.4,88.27,0,0,,0,0,4,0,0,1014,0,0.6,0,0,0,10,Clear,fog,"VIDP,42181099999"
delhi india,2024-11-13T22:00:00,68,68,64.4,88.27,0,0,,0,0,3.4,2.2,341.8,1015,0,0.6,0,0,0,10,Clear,fog,"VIDP,42181099999"
delhi india,2024-11-13T23:00:00,65.5,65.5,63.5,93.27,0,0,,0,0,3.1,0,0,1014.3,0,0.2,0,0,0,10,Clear,fog,"42182099999,VIDP,42181099999"
delhi india,2024-11-14T00:00:00,68,68,64.4,88.27,0,0,,0,0,3.1,0,0,1015,0,0.6,0,0,0,10,Clear,fog,"VIDP,42181099999"
delhi india,2024-11-14T01:00:00,66.2,66.2,64.4,93.93,0,0,,0,0,1.8,0,0,1015,0,0.6,0,0,0,10,Clear,fog,"VIDP,42181099999"
delhi india,2024-11-14T02:00:00,63.8,63.8,62.7,96.05,0,0,,0,0,2.2,0,0,1014,0,0.2,0,0,0,10,Clear,fog,"42182099999,VIDP,42181099999"
delhi india,2024-11-14T03:00:00,66.2,66.2,64.4,93.93,0,0,,0,0,2.2,0,0,1014,0,0.6,0,0,0,10,Clear,fog,"VIDP,42181099999"
delhi india,2024-11-14T04:00:00,64.4,64.4,62.6,93.88,0,0,,0,0,2,2.2,154.6,1014,0,0.6,0,0,0,10,Clear,fog,"VIDP,42181099999"
delhi india,2024-11-14T05:00:00,63.1,63.1,62.2,96.89,0,0,,0,0,1.8,2.2,193.6,1014.6,0,0.1,0,0,0,10,Clear,fog,"42182099999,VIDP,42181099999"
delhi india,2024-11-14T06:00:00,64.4,64.4,62.6,93.88,0,0,,0,0,2.7,4.7,60,1016,100,0.6,0,0,0,10,Overcast,fog,"VIDP,42181099999"
delhi india,2024-11-14T07:00:00,64.4,64.4,62.6,93.88,0,0,,0,0,2.9,3.4,70,1016,100,0,0,0,0,10,Overcast,cloudy,"VIDP,42181099999"
delhi india,2024-11-14T08:00:00,65.9,65.9,64.6,95.6,0,0,,0,0,2.9,0,359,1016.7,100,0,29.3,0.1,0,10,Overcast,cloudy,"42182099999,42176099999,VIDP,42139099999,42181099999"
delhi india,2024-11-14T09:00:00,69.8,69.8,64.4,82.99,0,0,,0,0,5.6,0,0,1018,100,0.6,172.2,0.6,2,10,Overcast,fog,"VIDP,42181099999"
delhi india,2024-11-14T10:00:00,73.4,73.4,66.2,78.21,0,0,,0,0,6.9,3.4,20,1018,0,0.6,361.5,1.3,4,10,Clear,fog,"VIDP,42181099999"
delhi india,2024-11-14T11:00:00,77.3,77.3,66.8,70.09,0,0,,0,0,7.6,0.6,170.6,1016.6,1,0.2,531.8,1.9,5,10,Clear,fog,"42182099999,VIDP,42139099999,42181099999"
delhi india,2024-11-14T12:00:00,82.4,82.5,59,45.1,0,0,,0,0,8.7,2.2,239.8,1017,0,0.6,635.5,2.3,6,10,Clear,fog,"VIDP,42181099999"
delhi india,2024-11-14T13:00:00,82.4,82.1,57.2,42.28,0,0,,0,0,9.6,2.2,277.1,1016,0,0.6,674.7,2.4,7,10,Clear,fog,"VIDP,42181099999"
delhi india,2024-11-14T14:00:00,82.7,84.6,65.3,55.7,0,0,,0,0,10.5,1,290,1013.9,1.6,0.7,623.3,2.2,6,10,Clear,fog,"42182099999,VIDP,42139099999,42181099999"
delhi india,2024-11-14T15:00:00,82.4,81.4,53.6,37.1,0,0,,0,0,11.4,3.4,320,1015,0,1.2,552.2,2,6,10,Clear,clear-day,"VIDP,42181099999"
delhi india,2024-11-14T16:00:00,80.6,80.3,53.6,39.34,0,0,,0,0,11.4,3.4,340,1015,0,1.2,402.4,1.4,4,10,Clear,clear-day,"VIDP,42181099999"
delhi india,2024-11-14T17:00:00,77.1,77.1,67.5,72.26,0,0,,0,0,11,0.4,16,1013.7,0.2,0.7,211.4,0.8,2,10,Clear,fog,"42182099999,42176099999,VIDP,42139099999,42181099999,VIDD"
delhi india,2024-11-14T18:00:00,75.2,75.2,59,57.15,0,0,,0,0,6.3,0,0,1015,0,1.2,49.2,0.2,0,10,Clear,clear-night,"VIDP,42181099999"
delhi india,2024-11-14T19:00:00,75.2,75.2,59,57.15,0,0,,0,0,6.5,0,0,1015,0,1.2,0,0,0,10,Clear,clear-night,"VIDP,42181099999"
delhi india,2024-11-14T20:00:00,69.3,69.3,63.4,81.52,0,0,,0,0,6.7,0.6,37.4,1015.1,0,0.8,0,0,0,10,Clear,fog,"42182099999,VIDP,42181099999"
delhi india,2024-11-14T21:00:00,71.6,71.6,57.2,60.47,0,0,,0,0,6.7,0,0,1016,0,1.2,0,0,0,10,Clear,clear-night,"VIDP,42181099999"
delhi india,2024-11-14T22:00:00,71.6,71.6,60.8,68.77,0,0,,0,0,6.7,0,0,1016,0,1.2,0,0,0,10,Clear,clear-night,"VIDP,42181099999"
delhi india,2024-11-14T23:00:00,66,66,63.1,90.49,0,0,,0,0,6.5,0,0,1015.3,0,0.7,0,0,0,10,Clear,fog,"42182099999,VIDP,42181099999"
delhi india,2024-11-15T00:00:00,68,68,62.6,82.87,0,0,,0,0,6.5,3.4,340,1015,0,1.2,0,0,0,10,Clear,clear-night,"VIDP,42181099999"
delhi india,2024-11-15T01:00:00,68,68,62.6,82.87,0,0,,0,0,6.3,0,0,1015,0,1.2,0,0,0,10,Clear,clear-night,"VIDP,42181099999"
delhi india,2024-11-15T02:00:00,63.4,63.4,61.6,93.86,0,0,,0,0,6,0,0,1014.8,0,0.2,0,0,0,10,Clear,fog,"42182099999,VIDP,42181099999"
delhi india,2024-11-15T03:00:00,66.2,66.2,60.8,82.75,0,0,,0,0,5.6,0,0,1015,0,0.6,0,0,0,10,Clear,fog,"VIDP,42181099999"
delhi india,2024-11-15T04:00:00,64.4,64.4,60.8,88.1,0,0,,0,0,4.7,3.4,50,1015,0,0.6,0,0,0,10,Clear,fog,"VIDP,42181099999"
delhi india,2024-11-15T05:00:00,62.2,62.2,61.1,96.12,0,0,,0,0,3.6,0,0,1014.6,62.2,0.2,0,0,0,10,Partially cloudy,fog,"42182099999,VIDP,42181099999"
delhi india,2024-11-15T06:00:00,62.6,62.6,59,88.01,0,0,,0,0,3.4,2.2,320.4,1016,0,0.6,0,0,0,10,Clear,fog,"VIDP,42181099999"
delhi india,2024-11-15T07:00:00,64.4,64.4,60.8,88.1,0,0,,0,0,4.7,0,0,1016,0,0.6,0,0,0,10,Clear,fog,"VIDP,42181099999"
delhi india,2024-11-15T08:00:00,65.4,65.4,63.4,93.26,0,0,,0,0,5.4,0,2,1016.4,100,0.6,28.3,0.1,0,10,Overcast,fog,"42182099999,42176099999,VIDP,42139099999,42181099999"
delhi india,2024-11-15T09:00:00,73.4,73.4,62.6,68.97,0,0,,0,0,7.8,0,0,1017,0,0.6,184.8,0.7,2,10,Clear,fog,"VIDP,42181099999"
delhi india,2024-11-15T10:00:00,77,77,60.8,57.39,0,0,,0,0,8.7,0,0,1017,0,0.6,372,1.3,4,10,Clear,fog,"VIDP,42181099999"
delhi india,2024-11-15T11:00:00,80.9,83.3,66.6,61.82,0,0,,0,0,11.2,3.7,232,1015.1,0,0.6,529.2,1.9,5,10,Clear,fog,"42182099999,VIDP,42139099999,42181099999"
delhi india,2024-11-15T12:00:00,82.4,81.7,55.4,39.62,0,0,,0,0,13.9,6.9,270,1015,0,1.2,633.7,2.3,6,10,Clear,clear-day,"VIDP,42181099999"
delhi india,2024-11-15T13:00:00,84.2,82.8,53.6,35.01,0,0,,0,0,14.8,6.9,250,1014,0,1.2,669.3,2.4,7,10,Clear,clear-day,"VIDP,42181099999"
delhi india,2024-11-15T14:00:00,85.6,86.8,63.6,47.89,0,0,,0,0,16.6,6.4,272,1012.5,22.6,1.3,622,2.2,6,10,Partially cloudy,partly-cloudy-day,"42182099999,VIDP,42139099999,42181099999"
delhi india,2024-11-15T15:00:00,86,83.6,50,28.94,0,0,,0,0,17.2,9.2,290,1013,0,1.9,540.7,1.9,5,10,Clear,clear-day,"VIDP,42181099999"
delhi india,2024-11-15T16:00:00,84.2,82.5,51.8,32.77,0,0,,0,0,17.4,8.1,300,1013,0,1.9,375,1.3,4,10,Clear,clear-day,"VIDP,42181099999"
delhi india,2024-11-15T17:00:00,78.6,78.6,63.8,60.59,0,0,,0,0,16.1,1.3,326,1011.9,2.2,1.3,213.5,0.8,2,10,Clear,clear-day,"42182099999,42176099999,VIDP,42139099999,42181099999"
delhi india,2024-11-15T18:00:00,77,77,53.6,44.28,0,0,,0,0,11,3.4,340,1013,0,1.9,48.3,0.2,0,10,Clear,clear-night,"VIDP,42181099999"
delhi india,2024-11-15T19:00:00,75.2,75.2,53.6,47.01,0,0,,0,0,7.2,3.4,340,1014,0,1.9,0,0,0,10,Clear,clear-night,"VIDP,42181099999"
delhi india,2024-11-15T20:00:00,69.3,69.3,61.3,75.62,0,0,,0,0,7.2,0,0,1013.3,1,1.3,0,0,0,10,Clear,clear-night,"42182099999,VIDP,42181099999"
delhi india,2024-11-15T21:00:00,71.6,71.6,55.4,56.66,0,0,,0,0,6.9,3.4,20,1014,0,1.2,0,0,0,10,Clear,clear-night,"VIDP,42181099999"
delhi india,2024-11-15T22:00:00,71.6,71.6,57.2,60.47,0,0,,0,0,6.7,2.2,342.5,1014,0,1.2,0,0,0,10,Clear,clear-night,"VIDP,42181099999"
delhi india,2024-11-15T23:00:00,65.5,65.5,60.7,84.41,0,0,,0,0,6.5,0,0,1013.6,1,1.2,0,0,0,10,Clear,clear-night,"42182099999,VIDP,42181099999"
delhi india,2024-11-16T00:00:00,68,68,59,72.94,0,0,,0,0,6.9,0,0,1014,0,0.6,0,0,0,10,Clear,fog,"VIDP,42181099999"
delhi india,2024-11-16T01:00:00,66.2,66.2,59,77.61,0,0,,0,0,6.5,0,0,1014,0,0.6,0,0,0,10,Clear,fog,"VIDP,42181099999"
delhi india,2024-11-16T02:00:00,63.8,63.8,60,87.41,0,0,,0,0,6.5,0,0,1013.2,0,0.6,0,0,0,10,Clear,fog,"42182099999,VIDP,42181099999"
delhi india,2024-11-16T03:00:00,66.2,66.2,59,77.61,0,0,,0,0,6.3,0,0,1013,0,0.6,0,0,0,10,Clear,fog,"VIDP,42181099999"
delhi india,2024-11-16T04:00:00,64.4,64.4,60.8,88.1,0,0,,0,0,5.6,0,0,1013,0,0.6,0,0,0,10,Clear,fog,"VIDP,42181099999"
delhi india,2024-11-16T05:00:00,62,62,60.1,93.37,0,0,,0,0,5.6,0,0,1012.9,0.2,0.2,0,0,0,10,Clear,fog,"42182099999,VIDP,42181099999"
delhi india,2024-11-16T06:00:00,62.6,62.6,60.8,93.84,0,0,,0,0,5.8,0,0,1014,0,0.6,0,0,0,10,Clear,fog,"VIDP,42181099999"
delhi india,2024-11-16T07:00:00,62.6,62.6,60.8,93.84,0,0,,0,0,6,0,0,1014,0,0.6,0,0,0,10,Clear,fog,"VIDP,42181099999"
delhi india,2024-11-16T08:00:00,63.8,63.8,60.7,89.56,0,0,,0,0,7.6,0,357,1014.4,0,0.2,27.2,0.1,0,10,Clear,fog,"42182099999,42176099999,VIDP,42139099999,42181099999"
delhi india,2024-11-16T09:00:00,69.8,69.8,59,68.57,0,0,,0,0,10.1,2.2,288.3,1015,0,0.6,182.9,0.7,2,10,Clear,fog,"VIDP,42181099999"
delhi india,2024-11-16T10:00:00,75.2,75.2,57.2,53.57,0,0,,0,0,12.1,2.2,270,1015,0,0.6,370.5,1.3,4,10,Clear,fog,"VIDP,42181099999"
delhi india,2024-11-16T11:00:00,80,80,62.8,55.77,0,0,,0,0,14.8,5.5,270,1014,0,0.6,527.7,1.9,5,10,Clear,fog,"42182099999,VIDP,42139099999,42181099999"
delhi india,2024-11-16T12:00:00,80.6,80.3,53.6,39.34,0,0,,0,0,16.3,5.8,290,1014,0,0.6,632,2.3,6,10,Clear,fog,"VIDP,42181099999"
delhi india,2024-11-16T13:00:00,82.4,81.4,53.6,37.1,0,0,,0,0,16.6,4.7,280,1013,0,1.2,671.5,2.4,7,10,Clear,clear-day,"VIDP,42181099999"
delhi india,2024-11-16T14:00:00,83.8,85.1,63.8,51.1,0,0,,0,0,16.3,6.3,274,1011.7,0,0.7,648.9,2.3,6,10,Clear,fog,"42182099999,VIDP,42139099999,42181099999"
delhi india,2024-11-16T15:00:00,82.4,81.2,51.8,34.73,0,0,,0,0,15.7,4.7,280,1012,0,1.2,526.6,1.9,5,10,Clear,clear-day,"VIDP,42181099999"
delhi india,2024-11-16T16:00:00,80.6,80.3,53.6,39.34,0,0,,0,0,15.4,3.4,260,1012,0,1.2,393.7,1.4,4,10,Clear,clear-day,"VIDP,42181099999"
delhi india,2024-11-16T17:00:00,78.7,78.7,67.8,69.28,0,0,,0,0,14.8,0,359,1011,0,0.7,215.5,0.8,2,10,Clear,fog,"42182099999,42176099999,VIDP,42139099999,42181099999"
delhi india,2024-11-16T18:00:00,75.2,75.2,57.2,53.57,0,0,,0,0,9.6,0,0,1013,0,1.2,46.1,0.2,0,10,Clear,clear-night,"VIDP,42181099999"
delhi india,2024-11-16T19:00:00,73.4,73.4,57.2,56.9,0,0,,0,0,6.9,2.2,325.7,1013,0,1.2,0,0,0,10,Clear,clear-night,"VIDP,42181099999"
delhi india,2024-11-16T20:00:00,69.3,69.3,63.2,81.13,0,0,,0,0,6.9,0,0,1013.2,6.4,0.7,0,0,0,10,Clear,fog,"42182099999,VIDP,42181099999"
delhi india,2024-11-16T21:00:00,71.6,71.6,57.2,60.47,0,0,,0,0,6.7,0,0,1014,0,1.2,0,0,0,10,Clear,clear-night,"VIDP,42181099999"
delhi india,2024-11-16T22:00:00,69.8,69.8,57.2,64.29,0,0,,0,0,6.7,0,0,1014,0,1.2,0,0,0,10,Clear,clear-night,"VIDP,42181099999"
delhi india,2024-11-16T23:00:00,65.5,65.5,60.8,85.01,0,0,,0,0,6.7,0,0,1013.6,6.2,0.7,0,0,0,10,Clear,fog,"42182099999,VIDP,42181099999"
delhi india,2024-11-17T00:00:00,68,68,57.2,68.38,0,0,,0,0,6.5,0,0,1014,0,1.2,0,0,0,10,Clear,clear-night,"VIDP,42181099999"
delhi india,2024-11-17T01:00:00,64.4,64.4,59,82.63,0,0,,0,0,6.3,0,0,1014,0,1.2,0,0,0,10,Clear,clear-night,"VIDP,42181099999"
delhi india,2024-11-17T02:00:00,64.4,64.4,60.9,88.48,0,0,,0,0,6.3,0,0,1013.3,27.2,0.7,0,0,0,10,Partially cloudy,fog,"42182099999,VIDP,42181099999"
delhi india,2024-11-17T03:00:00,66.2,66.2,59,77.61,0,0,,0,0,5.6,3.4,260,1013,27.2,1.2,0,0,0,10,Partially cloudy,partly-cloudy-night,"VIDP,42181099999"
delhi india,2024-11-17T04:00:00,64.4,64.4,57.2,77.46,0,0,,0,0,5.4,3.4,280,1013,27.2,1.2,0,0,0,10,Partially cloudy,partly-cloudy-night,"VIDP,42181099999"
delhi india,2024-11-17T05:00:00,63.4,63.4,60.1,89.07,0,0,,0,0,5.4,0,0,1013.2,27.2,0.2,0,0,0,10,Partially cloudy,fog,"42182099999,VIDP,42181099999"
delhi india,2024-11-17T06:00:00,64.4,64.4,57.2,77.46,0,0,,0,0,4.7,0,0,1014,27.2,0.6,0,0,0,10,Partially cloudy,fog,"VIDP,42181099999"
delhi india,2024-11-17T07:00:00,64.4,64.4,57.2,77.46,0,0,,0,0,3.8,2.2,1.5,1015,27.2,0.6,0,0,0,10,Partially cloudy,fog,"VIDP,42181099999"
delhi india,2024-11-17T08:00:00,65.1,65.1,61.6,88.6,0,0,,0,0,3.4,0,359,1014.8,0,0.2,19,0.1,0,10,Clear,fog,"42182099999,42176099999,VIDP,42139099999,42181099999"
delhi india,2024-11-17T09:00:00,69.8,69.8,62.6,77.91,0,0,,0,0,2.9,3.4,240,1016,0,0.6,151,0.5,2,10,Clear,fog,"VIDP,42181099999"
delhi india,2024-11-17T10:00:00,75.2,75.2,60.8,60.93,0,0,,0,0,1.8,2.2,300,1016,0,0.6,330,1.2,3,10,Clear,fog,"VIDP,42181099999"
delhi india,2024-11-17T11:00:00,77.9,77.9,65.3,65.16,0,0,,0,0,0.9,1,288,1014.9,0,0.6,484,1.7,5,10,Clear,fog,"42182099999,VIDP,42139099999,42181099999"
delhi india,2024-11-17T12:00:00,78.8,78.8,57.2,47.55,0,0,,0,0,1.6,5.8,310,1015,0,0.6,586,2.1,6,10,Clear,fog,"VIDP,42181099999"
delhi india,2024-11-17T13:00:00,78.8,78.8,57.2,47.55,0,0,,0,0,3.1,6.9,300,1014,0,0.6,628,2.3,6,10,Clear,fog,"VIDP,42181099999"
delhi india,2024-11-17T14:00:00,79.4,79.4,66,63.49,0,0,,0,0,6.9,2.3,290,1012.6,0,0.6,602,2.2,6,10,Clear,fog,"42182099999,VIDP,42139099999,42181099999"
delhi india,2024-11-17T15:00:00,75.2,75.2,57.2,53.57,0,0,,0,0,7.2,10.3,280,1014,0,0.6,511,1.8,5,10,Clear,fog,"VIDP,42181099999"
delhi india,2024-11-17T16:00:00,71.6,71.6,59,64.5,0,0,,0,0,6.9,9.2,270,1014,0,0.6,365,1.3,4,10,Clear,fog,"VIDP,42181099999"
delhi india,2024-11-17T17:00:00,70.6,70.6,64.6,81.23,0,0,,0,0,6,5,270,1013,0,0.6,188,0.7,2,10,Clear,fog,"42182099999,VIDP,42139099999,42181099999"
delhi india,2024-11-17T18:00:00,68,68,60.8,77.77,0,0,,0,0,5.6,6.9,260,1014,0,0.6,34,0.1,0,10,Clear,fog,"VIDP,42181099999"
delhi india,2024-11-17T19:00:00,64.4,64.4,62.6,93.88,0,0,,0,0,7.6,8.1,260,1015,0,0.6,0,0,0,10,Clear,fog,"VIDP,42181099999"
delhi india,2024-11-17T20:00:00,64.3,64.3,62.2,93.14,0,0,,0,0,7.4,1.7,264,1014.9,100,0,0,0,0,10,Overcast,cloudy,"42182099999,VIDP,42181099999"
delhi india,2024-11-17T21:00:00,62.6,62.6,60.8,93.84,0,0,,0,0,6.9,5.8,250,1015,100,0,0,0,0,10,Overcast,cloudy,"VIDP,42181099999"
delhi india,2024-11-17T22:00:00,60.8,60.8,59,93.79,0,0,,0,0,7.6,8.1,270,1016,100,0,0,0,0,10,Overcast,cloudy,"VIDP,42181099999"
delhi india,2024-11-17T23:00:00,62.5,62.5,61.2,95.56,0,0,,0,0,7.6,3.3,264,1015.4,100,0,0,0,0,10,Overcast,cloudy,"42182099999,VIDP,42181099999"
delhi india,2024-11-18T00:00:00,60.8,60.8,59,93.79,0,0,,0,0,8.9,6.9,260,1015,100,0,0,0,0,10,Overcast,cloudy,"VIDP,42181099999"
delhi india,2024-11-18T01:00:00,60.8,60.8,60.8,100,0,0,,0,0,9.6,6.9,270,1015,100,0,0,0,0,10,Overcast,cloudy,"VIDP,42181099999"
delhi india,2024-11-18T02:00:00,61.6,61.6,60.8,97.25,0,0,,0,0,8.9,5.8,264,1015.3,100,0,0,0,0,10,Overcast,cloudy,"VIDP,42181099999"
delhi india,2024-11-18T03:00:00,60.7,60.7,60.7,100,0,0,,0,0,8.1,5.8,260,1015,100,0,0,0,0,10,Overcast,cloudy,VIDP
delhi india,2024-11-18T04:00:00,60.7,60.7,60.7,100,0,0,,0,0,7.6,5.8,260,1015,100,0,0,0,0,10,Overcast,cloudy,VIDP
delhi india,2024-11-18T05:00:00,60.7,60.7,60.7,100,0,0,,0,0,6.9,5.8,260,1015,100,0,0,0,0,10,Overcast,cloudy,VIDP
delhi india,2024-11-18T06:00:00,60.7,60.7,60.7,100,0,0,,0,0,8.1,4.7,260,1016,100,0,0,0,0,10,Overcast,cloudy,VIDP
delhi india,2024-11-18T07:00:00,60.7,60.7,60.7,100,0,0,,0,0,8.1,5.8,270,1017,100,0,0,0,0,10,Overcast,cloudy,VIDP
delhi india,2024-11-18T08:00:00,62.1,62.1,60.7,95.14,0,0,,0,0,8.9,1.3,338,1017.2,100,0,25.1,0.1,0,10,Overcast,cloudy,"VIDP,VIDD"
delhi india,2024-11-18T09:00:00,62.5,62.5,60.7,93.84,0,0,,0,0,11.9,4.9,315,1018,100,0,179.4,0.6,2,10,Overcast,cloudy,"VIDP,VIDD"
delhi india,2024-11-18T10:00:00,65.3,65.3,60.7,85.02,0,0,,0,0,14.1,1,336,1018,100,0,367.5,1.3,4,10,Overcast,cloudy,"VIDP,VIDD"
delhi india,2024-11-18T11:00:00,68.5,68.5,63.5,84.05,0,0,,0,0,16.6,5.8,305,1017.2,100,0,526.5,1.9,5,10,Overcast,cloudy,"VIDP,VIDD"
delhi india,2024-11-18T12:00:00,70.7,70.7,63.9,79.07,0,0,,0,0,17.4,3.6,317,1017,100,0,633,2.3,6,10,Overcast,cloudy,"VIDP,VIDD"
delhi india,2024-11-18T13:00:00,72.5,72.5,63.1,72.38,0,0,,0,0,17.4,8.7,317,1016,100,0,588.6,2.1,6,10,Overcast,cloudy,"VIDP,VIDD"
delhi india,2024-11-18T14:00:00,71.5,71.5,57.1,60.46,0,0,,0,0,17,5.8,270,1016,29.2,0.6,544.4,2,5,10,Partially cloudy,fog,VIDP
delhi india,2024-11-18T15:00:00,73.3,73.3,57.1,56.89,0,0,,0,0,15.7,5.8,290,1015,18,0.6,511.5,1.8,5,10,Clear,fog,VIDP
delhi india,2024-11-18T16:00:00,71.5,71.5,57.1,60.46,0,0,,0,0,14.5,5.8,290,1015,26.2,0.6,376,1.4,4,10,Partially cloudy,fog,VIDP
delhi india,2024-11-18T17:00:00,67.9,67.9,57.1,68.37,0,0,,0,0,12.5,3.4,250,1015,10.6,0.6,202.5,0.7,2,10,Clear,fog,VIDP
delhi india,2024-11-18T18:00:00,66.1,66.1,58.9,77.61,0,0,,0,0,7.6,3.4,240,1015,3.2,0.6,44.4,0.2,0,10,Clear,fog,VIDP
delhi india,2024-11-18T19:00:00,66.1,66.1,58.9,77.61,0,0,,0,0,6.5,2.2,260,1016,0.4,0.6,0,0,0,10,Clear,fog,VIDP
delhi india,2024-11-18T20:00:00,64.3,64.3,60.7,88.1,0,0,,0,0,6.3,0,0,1016,100,0.6,0,0,0,10,Overcast,fog,VIDP
delhi india,2024-11-18T21:00:00,62.5,62.5,58.9,88.01,0,0,,0,0,5.8,2.2,250,1017,100,0.6,0,0,0,10,Overcast,fog,VIDP
delhi india,2024-11-18T22:00:00,62.5,62.5,58.9,88.01,0,0,,0,0,5.8,2.2,230,1016,100,0.6,0,0,0,10,Overcast,fog,VIDP
delhi india,2024-11-18T23:00:00,62.5,62.5,58.9,88.01,0,0,,0,0,6,0,0,1016,100,0.6,0,0,0,10,Overcast,fog,VIDP
delhi india,2024-11-19T00:00:00,60.7,60.7,58.9,93.79,0,0,,0,0,5.8,0,0,1016,100,0.6,0,0,0,10,Overcast,fog,VIDP
delhi india,2024-11-19T01:00:00,60.7,60.7,58.9,93.79,0,0,,0,0,6.3,2.2,260,1016,100,0.6,0,0,0,10,Overcast,fog,VIDP
delhi india,2024-11-19T02:00:00,58.9,58.9,57.1,93.74,0,0,,0,0,6.3,2.2,240,1016,100,0.6,0,0,0,10,Overcast,fog,VIDP
delhi india,2024-11-19T03:00:00,58.9,58.9,57.1,93.74,0,0,,0,0,6.5,2.2,220,1016,100,0.6,0,0,0,10,Overcast,fog,VIDP
delhi india,2024-11-19T04:00:00,57.1,57.1,57.1,100,0,0,,0,0,6.7,2.2,220,1016,100,0.6,0,0,0,10,Overcast,fog,VIDP
delhi india,2024-11-19T05:00:00,57.1,57.1,55.3,93.7,0,0,,0,0,6.7,0,0,1016,0,0.6,0,0,0,10,Clear,fog,VIDP
delhi india,2024-11-19T06:00:00,57.1,57.1,55.3,93.7,0,0,,0,0,6.5,4.7,220,1017,0,0.6,0,0,0,10,Clear,fog,VIDP
delhi india,2024-11-19T07:00:00,57.1,57.1,53.5,87.74,0,0,,0,0,6.3,3.4,230,1017,0,0.6,0,0,0,10,Clear,fog,VIDP
delhi india,2024-11-19T08:00:00,60.7,60.7,53.5,77.15,0,0,,0,0,7.4,4.7,250,1019,20,0.6,24.5,0.1,0,10,Clear,fog,VIDP
delhi india,2024-11-19T09:00:00,62.5,62.5,51.7,67.76,0,0,,0,0,10.1,4.7,270,1019,0,0.6,179.7,0.6,2,10,Clear,fog,VIDP
delhi india,2024-11-19T10:00:00,64.3,64.3,51.7,63.61,0,0,,0,0,11.2,4.7,260,1020,0,0.6,369.6,1.3,4,10,Clear,fog,VIDP
delhi india,2024-11-19T11:00:00,71.1,71.1,54.5,55.79,0,0,,0,0,12.3,3.4,311,1019,0,0.6,528.5,1.9,5,10,Clear,fog,"VIDP,VIDD"
delhi india,2024-11-19T12:00:00,71.5,71.5,51.7,49.65,0,0,,0,0,14.3,3.4,270,1018,0,0.6,634.1,2.3,6,10,Clear,fog,VIDP
delhi india,2024-11-19T13:00:00,73.3,73.3,49.9,43.71,0,0,,0,0,15.2,3.4,290,1017,0.4,0.6,676.9,2.4,7,10,Clear,fog,VIDP
delhi india,2024-11-19T14:00:00,75.1,75.1,49.9,41.15,0,0,,0,0,15.2,3.4,290,1016,0,0.6,646.5,2.3,6,10,Clear,fog,VIDP
delhi india,2024-11-19T15:00:00,75.1,75.1,51.7,43.99,0,0,,0,0,14.8,5.8,270,1016,0,0.6,555.9,2,6,10,Clear,fog,VIDP
delhi india,2024-11-19T16:00:00,73.3,73.3,51.7,46.73,0,0,,0,0,13.6,4.7,250,1016,0,0.6,405.3,1.5,4,10,Clear,fog,VIDP
delhi india,2024-11-19T17:00:00,71.5,71.5,53.5,53.05,0,0,,0,0,12.1,4.7,250,1016,0,0.6,219.4,0.8,2,10,Clear,fog,VIDP
delhi india,2024-11-19T18:00:00,67.9,67.9,53.5,59.99,0,0,,0,0,6.7,3.4,220,1016,0,0.6,46.4,0.2,0,10,Clear,fog,VIDP
delhi india,2024-11-19T19:00:00,66.1,66.1,55.3,68.17,0,0,,0,0,6.7,3.4,230,1016,0,0.6,0,0,0,10,Clear,fog,VIDP
delhi india,2024-11-19T20:00:00,64.3,64.3,53.5,67.96,0,0,,0,0,6.5,0,0,1017,0,0.6,0,0,0,10,Clear,fog,VIDP
delhi india,2024-11-19T21:00:00,64.3,64.3,53.5,67.96,0,0,,0,0,6.3,0,0,1017,0,0.6,0,0,0,10,Clear,fog,VIDP
delhi india,2024-11-19T22:00:00,62.5,62.5,53.5,72.39,0,0,,0,0,6,0,0,1017,0,0.6,0,0,0,10,Clear,fog,VIDP
delhi india,2024-11-19T23:00:00,62.5,62.5,53.5,72.39,0,0,,0,0,5.8,0,0,1017,0,0.6,0,0,0,10,Clear,fog,VIDP
delhi india,2024-11-20T00:00:00,60.7,60.7,55.3,82.38,0,0,,0,0,6,0,0,1016,0,0.6,0,0,0,10,Clear,fog,VIDP
delhi india,2024-11-20T01:00:00,58.9,58.9,55.3,87.83,0,0,,0,0,6,0,0,1016,0,0.6,0,0,0,10,Clear,fog,VIDP
delhi india,2024-11-20T02:00:00,58.9,58.9,55.3,87.83,0,0,,0,0,6.3,0,0,1015,0,0.6,0,0,0,10,Clear,fog,VIDP
delhi india,2024-11-20T03:00:00,57.1,57.1,53.5,87.74,0,0,,0,0,6.3,0,0,1015,0,0.6,0,0,0,10,Clear,fog,VIDP
delhi india,2024-11-20T04:00:00,57.1,57.1,53.5,87.74,0,0,,0,0,6.3,0,0,1015,0,0.6,0,0,0,10,Clear,fog,VIDP
delhi india,2024-11-20T05:00:00,57.1,57.1,53.5,87.74,0,0,,0,0,6.3,2.2,304.2,1015,0,0.6,0,0,0,10,Clear,fog,VIDP
delhi india,2024-11-20T06:00:00,55.3,55.3,53.5,93.65,0,0,,0,0,6,0,0,1016,0,0.6,0,0,0,10,Clear,fog,VIDP
delhi india,2024-11-20T07:00:00,55.3,55.3,53.5,93.65,0,0,,0,0,6,0,0,1016,0,0.6,0,0,0,10,Clear,fog,VIDP
delhi india,2024-11-20T08:00:00,58.9,58.9,51.7,76.99,0,0,,0,0,5.8,4.7,230,1017,0,0.6,23.9,0.1,0,10,Clear,fog,VIDP
delhi india,2024-11-20T09:00:00,62.5,62.5,48.1,59.27,0,0,,0,0,8.5,5.8,240,1018,0,0.6,180.2,0.6,2,10,Clear,fog,VIDP
delhi india,2024-11-20T10:00:00,66.1,66.1,48.1,52.27,0,0,,0,0,9.2,3.4,260,1018,0,0.6,371.1,1.3,4,10,Clear,fog,VIDP
delhi india,2024-11-20T11:00:00,71.5,71.5,48.1,43.43,0,0,,0,0,10.5,2.2,260,1018,0,0.6,530.6,1.9,5,10,Clear,fog,VIDP
delhi india,2024-11-20T12:00:00,75.1,75.1,48.1,38.48,0,0,,0,0,13,3.4,280,1017,0,0.6,636.4,2.3,6,10,Clear,fog,VIDP
delhi india,2024-11-20T13:00:00,76.9,76.9,46.3,33.87,0,0,,0,0,13.4,4.7,300,1016,0,1.2,679,2.4,7,10,Clear,clear-day,VIDP
delhi india,2024-11-20T14:00:00,76.9,76.9,48.1,36.24,0,0,,0,0,13.4,3.4,290,1015,0,1.2,650.3,2.3,7,10,Clear,clear-day,VIDP
delhi india,2024-11-20T15:00:00,76.9,76.9,48.1,36.24,0,0,,0,0,13.2,3.4,290,1015,0,1.2,556,2,6,10,Clear,clear-day,VIDP
delhi india,2024-11-20T16:00:00,75.1,75.1,48.1,38.48,0,0,,0,0,12.5,2.2,260,1015,0,1.2,405.8,1.5,4,10,Clear,clear-day,VIDP
delhi india,2024-11-20T17:00:00,73.3,73.3,49.9,43.71,0,0,,0,0,11.4,3.4,200,1015,0,1.2,219.5,0.8,2,10,Clear,clear-day,VIDP
delhi india,2024-11-20T18:00:00,69.7,69.7,49.9,49.39,0,0,,0,0,6,2.2,130,1015,0,1.2,46.1,0.2,0,10,Clear,clear-night,VIDP
delhi india,2024-11-20T19:00:00,66.1,66.1,49.9,55.9,0,0,,0,0,5.8,2.2,150,1016,0,1.2,0,0,0,10,Clear,clear-night,VIDP
delhi india,2024-11-20T20:00:00,66.1,66.1,51.7,59.75,0,0,,0,0,5.1,0,0,1016,0,1.2,0,0,0,10,Clear,clear-night,VIDP
delhi india,2024-11-20T21:00:00,62.5,62.5,51.7,67.76,0,0,,0,0,3.8,0,0,1016,0,1.2,0,0,0,10,Clear,clear-night,VIDP
delhi india,2024-11-20T22:00:00,62.5,62.5,51.7,67.76,0,0,,0,0,2.9,0,0,1016,0,1.2,0,0,0,10,Clear,clear-night,VIDP
delhi india,2024-11-20T23:00:00,62.5,62.5,53.5,72.39,0,0,,0,0,2,0,0,1016,0,1.2,0,0,0,10,Clear,clear-night,VIDP
delhi india,2024-11-21T00:00:00,58.9,58.9,51.7,76.99,0,0,,0,0,2,0,0,1015,0,1.2,0,0,0,10,Clear,clear-night,VIDP
delhi india,2024-11-21T01:00:00,58.9,58.9,51.7,76.99,0,0,,0,0,3.6,0,0,1015,0,1.2,0,0,0,10,Clear,clear-night,VIDP
delhi india,2024-11-21T02:00:00,57.1,57.1,49.9,76.83,0,0,,0,0,4.9,2.2,280.6,1014,0,1.2,0,0,0,10,Clear,clear-night,VIDP
delhi india,2024-11-21T03:00:00,55.3,55.3,49.9,82,0,0,,0,0,6,2.2,288,1015,0,1.2,0,0,0,10,Clear,clear-night,VIDP
delhi india,2024-11-21T04:00:00,55.3,55.3,49.9,82,0,0,,0,0,6,2.2,230,1015,0,1.2,0,0,0,10,Clear,clear-night,VIDP
delhi india,2024-11-21T05:00:00,53.5,53.5,48.1,81.87,0,0,,0,0,6.3,2.2,230,1015,0,1.2,0,0,0,10,Clear,clear-night,VIDP
delhi india,2024-11-21T06:00:00,53.5,53.5,46.3,76.51,0,0,,0,0,6,2.2,230,1015,0,1.2,0,0,0,10,Clear,clear-night,VIDP
delhi india,2024-11-21T07:00:00,53.5,53.5,46.3,76.51,0,0,,0,0,6,2.2,230,1016,0.2,1.2,0,0,0,10,Clear,clear-day,VIDP
delhi india,2024-11-21T08:00:00,58.9,58.9,48.1,67.35,0,0,,0,0,6,4.7,230,1017,0,0.6,22.5,0.1,0,10,Clear,fog,VIDP
delhi india,2024-11-21T09:00:00,64.3,64.3,48.1,55.64,0,0,,0,0,8.7,3.4,240,1018,0,0.6,176.4,0.6,2,10,Clear,fog,VIDP
delhi india,2024-11-21T10:00:00,67.9,67.9,46.3,45.9,0,0,,0,0,9.2,3.4,250,1018,0,0.6,366.8,1.3,4,10,Clear,fog,VIDP
delhi india,2024-11-21T11:00:00,71.5,71.5,48.1,43.43,0,0,,0,0,10.1,4.7,230,1017,0,0.6,526.9,1.9,5,10,Clear,fog,VIDP
delhi india,2024-11-21T12:00:00,76.9,76.9,48.1,36.24,0,0,,0,0,12.1,5.8,270,1016,0,1.2,633.7,2.3,6,10,Clear,clear-day,VIDP
delhi india,2024-11-21T13:00:00,76.9,76.9,46.3,33.87,0,0,,0,0,12.3,3.4,300,1015,0,1.2,677.1,2.4,7,10,Clear,clear-day,VIDP
delhi india,2024-11-21T14:00:00,76.9,76.9,46.3,33.87,0,0,,0,0,12.3,5.8,290,1014,0,0.6,650.2,2.3,7,10,Clear,fog,VIDP
delhi india,2024-11-21T15:00:00,78.7,78.7,44.5,29.81,0,0,,0,0,12.3,4.7,300,1014,0,0.6,556.9,2,6,10,Clear,fog,VIDP
delhi india,2024-11-21T16:00:00,76.9,76.9,46.3,33.87,0,0,,0,0,11.6,3.4,270,1014,0,0.6,407.2,1.5,4,10,Clear,fog,VIDP
delhi india,2024-11-21T17:00:00,71.5,71.5,49.9,46.45,0,0,,0,0,10.3,3.4,260,1014,0,1.2,220.3,0.8,2,10,Clear,clear-day,VIDP
delhi india,2024-11-21T18:00:00,67.9,67.9,49.9,52.53,0,0,,0,0,6,0,0,1015,0,1.2,45.8,0.2,0,10,Clear,clear-night,VIDP
delhi india,2024-11-21T19:00:00,66.1,66.1,49.9,55.9,0,0,,0,0,6,0,0,1015,0,1.2,0,0,0,10,Clear,clear-night,VIDP
delhi india,2024-11-21T20:00:00,64.3,64.3,49.9,59.51,0,0,,0,0,6,0,0,1015,0,1.2,0,0,0,10,Clear,clear-night,VIDP
delhi india,2024-11-21T21:00:00,62.5,62.5,51.7,67.76,0,0,,0,0,4.9,0,0,1016,0,1.2,0,0,0,10,Clear,clear-night,VIDP
delhi india,2024-11-21T22:00:00,62.5,62.5,51.7,67.76,0,0,,0,0,3.8,0,0,1016,0,1.2,0,0,0,10,Clear,clear-night,VIDP
delhi india,2024-11-21T23:00:00,62.5,62.5,51.7,67.76,0,0,,0,0,3.1,0,0,1015,0,1.2,0,0,0,10,Clear,clear-night,VIDP
delhi india,2024-11-22T00:00:00,60.7,60.7,53.5,77.15,0,0,,0,0,3.6,0,0,1015,0,1.2,0,0,0,10,Clear,clear-night,VIDP
delhi india,2024-11-22T01:00:00,58.9,58.9,53.5,82.26,0,0,,0,0,4.7,0,0,1015,0,1.2,0,0,0,10,Clear,clear-night,VIDP
delhi india,2024-11-22T02:00:00,58.9,58.9,53.5,82.26,0,0,,0,0,5.1,0,0,1015,0,0.6,0,0,0,10,Clear,fog,VIDP
delhi india,2024-11-22T03:00:00,59,59,53.6,82.26,0,0,,0,0,5.8,3.4,220,1015,0,0.6,0,0,0,10,Clear,fog,"VIDP,42181099999"
delhi india,2024-11-22T04:00:00,57.2,57.2,51.8,82.13,0,0,,0,0,6,3.4,230,1014,0,0.6,0,0,0,10,Clear,fog,"VIDP,42181099999"
delhi india,2024-11-22T05:00:00,54.7,54.7,52.8,93.31,0,0,,0,0,6,0.5,309.6,1014.5,0,0.6,0,0,0,10,Clear,fog,"42182099999,VIDP,42181099999"
delhi india,2024-11-22T06:00:00,55.4,55.4,50,82.01,0,0,,0,0,2.5,3.4,240,1015,0,0.6,0,0,0,10,Clear,fog,"VIDP,42181099999"
delhi india,2024-11-22T07:00:00,55.4,55.4,50,82.01,0,0,,0,0,2,3.4,240,1016,0,0.6,0,0,0,10,Clear,fog,"VIDP,42181099999"
delhi india,2024-11-22T08:00:00,55.9,55.9,52.6,88.69,0,0,,0,0,2,0,6,1016.6,0,0.6,15,0.1,0,10,Clear,fog,"42182099999,42176099999,VIDP,42139099999,42181099999"
delhi india,2024-11-22T09:00:00,64.4,64.4,48.2,55.66,0,0,,0,0,1.8,4.7,260,1017,0,0.6,142,0.5,1,10,Clear,fog,"VIDP,42181099999"
delhi india,2024-11-22T10:00:00,68,68,48.2,49.13,0,0,,0,0,2,4.7,270,1018,0,0.6,322,1.2,3,10,Clear,fog,"VIDP,42181099999"
delhi india,2024-11-22T11:00:00,73.4,73.4,53.3,49.38,0,0,,0,0,2.2,3.7,270,1016.5,0,0.6,477,1.7,5,10,Clear,fog,"42182099999,VIDP,42139099999,42181099999"
delhi india,2024-11-22T12:00:00,77,77,50,38.78,0,0,,0,0,3.1,3.4,310,1016,0,1.2,583,2.1,6,10,Clear,clear-day,"VIDP,42181099999"
delhi india,2024-11-22T13:00:00,77,77,50,38.78,0,0,,0,0,4.5,2.2,310,1015,0,1.2,625,2.3,6,10,Clear,clear-day,"VIDP,42181099999"
delhi india,2024-11-22T14:00:00,79,79,53.5,41.34,0,0,,0,0,4.7,4.7,311,1013.3,0,0.6,599,2.2,6,10,Clear,fog,"42182099999,VIDP,42139099999,42181099999"
delhi india,2024-11-22T15:00:00,78.8,78.8,48.2,34.17,0,0,,0,0,5.4,2.2,280,1014,0,0.6,508,1.8,5,10,Clear,fog,"VIDP,42181099999"
delhi india,2024-11-22T16:00:00,77,77,50,38.78,0,0,,0,0,5.1,4.7,280,1014,0,0.6,362,1.3,4,10,Clear,fog,"VIDP,42181099999"
delhi india,2024-11-22T17:00:00,72.1,72.1,59.4,64.34,0,0,,0,0,4.9,0.6,236,1013.3,0,0.6,184,0.7,2,10,Clear,fog,"42182099999,42176099999,VIDP,42139099999,42181099999"
delhi india,2024-11-22T18:00:00,69.8,69.8,53.6,56.41,0,0,,0,0,4.9,2.2,230,1014,0,1.2,32,0.1,0,10,Clear,clear-night,"VIDP,42181099999"
delhi india,2024-11-22T19:00:00,68,68,53.6,60,0,0,,0,0,5.1,2.2,250,1015,0,1.2,0,0,0,10,Clear,clear-night,"VIDP,42181099999"
delhi india,2024-11-22T20:00:00,62.8,62.8,57,81.43,0,0,,0,0,3.8,0,0,1014.7,0,0.3,0,0,0,10,Clear,fog,"42182099999,VIDP,42181099999"
delhi india,2024-11-22T21:00:00,62.6,62.6,53.6,72.4,0,0,,0,0,2.7,0,0,1015,0,1.2,0,0,0,10,Clear,clear-night,"VIDP,42181099999"
delhi india,2024-11-22T22:00:00,62.6,62.6,53.6,72.4,0,0,,0,0,2.2,0,0,1015,0,1.2,0,0,0,10,Clear,clear-night,"VIDP,42181099999"
delhi india,2024-11-22T23:00:00,58.7,58.7,55.9,90.46,0,0,,0,0,2.7,0,0,1014.8,0,0.4,0,0,0,10,Clear,fog,"42182099999,VIDP,42181099999"
delhi india,2024-11-23T00:00:00,60.8,60.8,55.4,82.39,0,0,,0,0,3.1,0,0,1014,0,1.2,0,0,0,10,Clear,clear-night,"VIDP,42181099999"
delhi india,2024-11-23T01:00:00,59,59,55.4,87.84,0,0,,0,0,3.1,0,0,1014,0,1.2,0,0,0,10,Clear,clear-night,"VIDP,42181099999"
delhi india,2024-11-23T02:00:00,56.7,56.7,54.6,92.56,0,0,,0,0,2.9,0,0,1014.4,0,0.3,0,0,0,10,Clear,fog,"42182099999,VIDP,42181099999"
delhi india,2024-11-23T03:00:00,57.2,57.2,55.4,93.7,0,0,,0,0,2.5,0,0,1014,0,0.6,0,0,0,10,Clear,fog,"VIDP,42181099999"
delhi india,2024-11-23T04:00:00,57.2,57.2,55.4,93.7,0,0,,0,0,2.9,0,0,1014,0,0.6,0,0,0,10,Clear,fog,"VIDP,42181099999"
delhi india,2024-11-23T05:00:00,54.9,54.9,54.2,97.26,0,0,,0,0,2.2,0,0,1015,5,0.2,0,0,0,10,Clear,fog,"42182099999,VIDP,42181099999"
delhi india,2024-11-23T06:00:00,57.2,57.2,55.4,93.7,0,0,,0,0,4,0,0,1015,0,0.6,0,0,0,10,Clear,fog,"VIDP,42181099999"
delhi india,2024-11-23T07:00:00,55.4,55.4,53.6,93.65,0,0,,0,0,5.8,0,0,1016,0,0.6,0,0,0,10,Clear,fog,"VIDP,42181099999"
delhi india,2024-11-23T08:00:00,57,57,54.4,91.1,0,0,,0,0,6.5,0,4,1017.2,47.3,0.2,19.4,0.1,0,10,Partially cloudy,fog,"42182099999,42176099999,VIDP,42139099999,42181099999"
delhi india,2024-11-23T09:00:00,68,68,50,52.54,0,0,,0,0,8.5,2.2,200,1018,0,0.6,163.6,0.6,2,10,Clear,fog,"VIDP,42181099999"
delhi india,2024-11-23T10:00:00,73.4,73.4,48.2,40.88,0,0,,0,0,9.2,2.2,190,1018,0,0.6,347.4,1.3,3,10,Clear,fog,"VIDP,42181099999"
delhi india,2024-11-23T11:00:00,77.1,77.1,55.1,46.65,0,0,,0,0,11,0.8,206,1016.8,0,0.6,503.8,1.8,5,10,Clear,fog,"42182099999,VIDP,42139099999,42181099999"
delhi india,2024-11-23T12:00:00,78.8,78.8,44.6,29.82,0,0,,0,0,11.9,2.2,208.5,1017,0,1.2,609.2,2.2,6,10,Clear,clear-day,"VIDP,42181099999"
delhi india,2024-11-23T13:00:00,80.6,79.4,44.6,28.11,0,0,,0,0,11,4.7,210,1016,0,1.2,648.8,2.3,6,10,Clear,clear-day,"VIDP,42181099999"
delhi india,2024-11-23T14:00:00,82,80.9,51.4,34.66,0,0,,0,0,10.5,1,236,1014.1,0,0.7,621.8,2.2,6,10,Clear,fog,"42182099999,VIDP,42139099999,42181099999"
delhi india,2024-11-23T15:00:00,82.4,80.5,44.6,26.52,0,0,,0,0,9.4,3.4,250,1015,0,1.2,531.9,1.9,5,10,Clear,clear-day,"VIDP,42181099999"
delhi india,2024-11-23T16:00:00,80.6,79.6,46.4,30.1,0,0,,0,0,8.3,2.2,283.6,1015,0,1.2,386.6,1.4,4,10,Clear,clear-day,"VIDP,42181099999"
delhi india,2024-11-23T17:00:00,74.3,74.3,59.2,59.43,0,0,,0,0,5.8,0.6,340,1014.2,0.6,0.9,207.9,0.7,2,10,Clear,fog,"42182099999,42176099999,VIDP,42139099999,42181099999"
delhi india,2024-11-23T18:00:00,71.6,71.6,50,46.46,0,0,,0,0,3.6,4.7,100,1015,0,1.9,42.3,0.2,0,10,Clear,clear-night,"VIDP,42181099999"
delhi india,2024-11-23T19:00:00,71.6,71.6,50,46.46,0,0,,0,0,6.3,3.4,110,1016,0,1.9,0,0,0,10,Clear,clear-night,"VIDP,42181099999"
delhi india,2024-11-23T20:00:00,64.9,64.9,56.9,75.45,0,0,,0,0,6.9,0.6,120.2,1015.8,0,0.8,0,0,0,10,Clear,fog,"42182099999,VIDP,42181099999"
delhi india,2024-11-23T21:00:00,68,68,51.8,56.16,0,0,,0,0,6.9,2.2,130,1016,0,1.2,0,0,0,10,Clear,clear-night,"VIDP,42181099999"
delhi india,2024-11-23T22:00:00,66.2,66.2,51.8,59.76,0,0,,0,0,6.9,2.2,126.2,1016,0,1.2,0,0,0,10,Clear,clear-night,"VIDP,42181099999"
delhi india,2024-11-23T23:00:00,60.7,60.7,55.8,83.82,0,0,,0,0,6.7,0,0,1015.9,0,0.7,0,0,0,10,Clear,fog,"42182099999,VIDP,42181099999"
delhi india,2024-11-24T00:00:00,64.4,64.4,51.8,63.62,0,0,,0,0,6.7,0,0,1016,0,1.2,0,0,0,10,Clear,clear-night,"VIDP,42181099999"
delhi india,2024-11-24T01:00:00,62.6,62.6,53.6,72.4,0,0,,0,0,6.5,0,0,1015,0,1.2,0,0,0,10,Clear,clear-night,"VIDP,42181099999"
delhi india,2024-11-24T02:00:00,59,59,55.4,87.88,0,0,,0,0,6.7,0,0,1014.9,0,0.8,0,0,0,10,Clear,fog,"42182099999,VIDP,42181099999"
delhi india,2024-11-24T03:00:00,60.8,60.8,55.4,82.39,0,0,,0,0,6.5,0,0,1015,0,1.2,0,0,0,10,Clear,clear-night,"VIDP,42181099999"
delhi india,2024-11-24T04:00:00,60.8,60.8,55.4,82.39,0,0,,0,0,6.7,0,0,1014,0,1.2,0,0,0,10,Clear,clear-night,"VIDP,42181099999"
delhi india,2024-11-24T05:00:00,56.5,56.5,54.4,92.81,0,0,,0,0,6.7,0,0,1015,0,0.7,0,0,0,10,Clear,fog,"42182099999,VIDP,42181099999"
delhi india,2024-11-24T06:00:00,59,59,55.4,87.84,0,0,,0,0,7.2,0,0,1016,0,1.2,0,0,0,10,Clear,clear-night,"VIDP,42181099999"
delhi india,2024-11-24T07:00:00,59,59,55.4,87.84,0,0,,0,0,7.2,0,0,1016,0,1.2,0,0,0,10,Clear,clear-day,"VIDP,42181099999"
delhi india,2024-11-24T08:00:00,61.5,61.5,52.8,72.99,0,0,,0,0,7.4,1,228,1017,0,1.2,18.5,0.1,0,10,Clear,clear-day,"42182099999,42176099999,VIDP,42139099999,42181099999"
delhi india,2024-11-24T09:00:00,68,68,50,52.54,0,0,,0,0,10.1,3.4,250,1018,0,1.2,161.8,0.6,2,10,Clear,clear-day,"VIDP,42181099999"
delhi india,2024-11-24T10:00:00,71.6,71.6,48.2,43.45,0,0,,0,0,11.6,5.8,250,1018,0,1.2,346.6,1.2,3,10,Clear,clear-day,"VIDP,42181099999"
delhi india,2024-11-24T11:00:00,76.1,76.1,52.5,43.73,0,0,,0,0,13.4,1.3,244,1016.2,0,1.2,504.8,1.8,5,10,Clear,clear-day,"42182099999,VIDP,42139099999,42181099999"
delhi india,2024-11-24T12:00:00,78.8,78.8,46.4,31.93,0,0,,0,0,15,6.9,250,1016,0,1.9,611.5,2.2,6,10,Clear,clear-day,"VIDP,42181099999"
delhi india,2024-11-24T13:00:00,80.6,79.6,46.4,30.1,0,0,,0,0,16.3,6.9,270,1015,0,1.9,655.2,2.4,7,10,Clear,clear-day,"VIDP,42181099999"
delhi india,2024-11-24T14:00:00,82.1,80.8,50.1,32.87,0,0,,0,0,16.6,7.2,307,1013.7,0,1.4,629.1,2.3,6,10,Clear,clear-day,"42182099999,VIDP,42139099999,42181099999"
delhi india,2024-11-24T15:00:00,82.4,80.5,44.6,26.52,0,0,,0,0,16.6,9.2,280,1014,0,2.5,537.5,1.9,5,10,Clear,clear-day,"VIDP,42181099999"
delhi india,2024-11-24T16:00:00,80.6,79.6,46.4,30.1,0,0,,0,0,15.7,6.9,280,1014,0,2.5,391,1.4,4,10,Clear,clear-day,"VIDP,42181099999"
delhi india,2024-11-24T17:00:00,75.7,75.7,57.6,53.42,0,0,,0,0,13.4,1,264,1013.3,0,1.4,209.6,0.8,2,10,Clear,clear-day,"42182099999,42176099999,VIDP,42139099999,42181099999"
delhi india,2024-11-24T18:00:00,73.4,73.4,50,43.73,0,0,,0,0,7.2,3.4,240,1015,0,2.5,42.5,0.2,0,10,Clear,clear-night,"VIDP,42181099999"
delhi india,2024-11-24T19:00:00,71.6,71.6,50,46.46,0,0,,0,0,7.4,2.2,200,1015,0,2.5,0,0,0,10,Clear,clear-night,"VIDP,42181099999"
delhi india,2024-11-24T20:00:00,64.7,64.7,56.3,74.21,0,0,,0,0,7.4,0,0,1014.7,0,1,0,0,0,10,Clear,clear-night,"42182099999,VIDP,42181099999"
delhi india,2024-11-24T21:00:00,68,68,50,52.54,0,0,,0,0,7.4,0,0,1015,0,2.5,0,0,0,10,Clear,clear-night,"VIDP,42181099999"
delhi india,2024-11-24T22:00:00,66.2,66.2,51.8,59.76,0,0,,0,0,7.4,0,0,1015,0,2.5,0,0,0,10,Clear,clear-night,"VIDP,42181099999"
delhi india,2024-11-24T23:00:00,61.2,61.2,54.8,79.43,0,0,,0,0,7.2,2.4,327,1014.9,0,1,0,0,0,10,Clear,clear-night,"42182099999,VIDP,42181099999"
delhi india,2024-11-25T00:00:00,62.6,62.6,53.6,72.4,0,0,,0,0,7.2,2.2,240,1015,0,1.9,0,0,0,10,Clear,clear-night,"VIDP,42181099999"
delhi india,2024-11-25T01:00:00,60.8,60.8,53.6,77.15,0,0,,0,0,7.6,0,0,1015,0,1.9,0,0,0,10,Clear,clear-night,"VIDP,42181099999"
delhi india,2024-11-25T02:00:00,60,60,55.2,83.96,0,0,,0,0,7.6,0,0,1014.9,0,0.9,0,0,0,10,Clear,fog,"42182099999,VIDP,42181099999"
delhi india,2024-11-25T03:00:00,60.8,60.8,51.8,72.22,0,0,,0,0,7.2,2.2,287.7,1015,0,1.9,0,0,0,10,Clear,clear-night,"VIDP,42181099999"
delhi india,2024-11-25T04:00:00,59,59,51.8,77,0,0,,0,0,6.7,3.4,230,1015,0,1.2,0,0,0,10,Clear,clear-night,"VIDP,42181099999"
delhi india,2024-11-25T05:00:00,59.3,59.3,54.8,85.14,0,0,,0,0,6.7,1,250,1015.4,0,0.7,0,0,0,10,Clear,fog,"42182099999,VIDP,42181099999"
delhi india,2024-11-25T06:00:00,59,59,51.8,77,0,0,,0,0,7.4,3.4,250,1016,0,1.2,0,0,0,10,Clear,clear-night,"VIDP,42181099999"
delhi india,2024-11-25T07:00:00,59,59,51.8,77,0,0,,0,0,7.8,4.7,250,1017,0,0.6,0,0,0,10,Clear,fog,"VIDP,42181099999"
delhi india,2024-11-25T08:00:00,61.4,61.4,56.5,83.92,0,0,,0,0,8.7,3.7,299,1017.4,0,0.6,17.6,0.1,0,10,Clear,fog,"42182099999,42176099999,VIDP,42139099999,42181099999"
delhi india,2024-11-25T09:00:00,64.4,64.4,57.2,77.46,0,0,,0,0,11.4,5.8,250,1018,0,0.6,160.4,0.6,2,10,Clear,fog,"VIDP,42181099999"
delhi india,2024-11-25T10:00:00,68,68,57.2,68.38,0,0,,0,0,12.3,5.8,260,1018,0,0.6,346.4,1.2,3,10,Clear,fog,"VIDP,42181099999"
delhi india,2024-11-25T11:00:00,73.2,73.2,59.7,62.7,0,0,,0,0,13,5.5,304,1016.5,0,0.6,505,1.8,5,10,Clear,fog,"42182099999,VIDP,42139099999,42181099999"
delhi india,2024-11-25T12:00:00,73.4,73.4,57.2,56.9,0,0,,0,0,14.3,6.9,270,1016.6,0,0.6,611.4,2.2,6,10,Clear,fog,"VIDP,42181099999"
delhi india,2024-11-25T13:00:00,77,77,53.6,44.28,0,0,,0,0,17,9.2,290,1015,0,0.6,651.8,2.3,7,10,Clear,fog,"VIDP,42181099999"
delhi india,2024-11-25T14:00:00,77.7,77.7,57.2,49.29,0,0,,0,0,17.4,9.1,307,1013.7,12.6,0.6,624.4,2.2,6,10,Clear,fog,"42182099999,VIDP,42139099999,42181099999"
delhi india,2024-11-25T15:00:00,77,77,53.6,44.28,0,0,,0,0,17.4,5.8,290,1014,0,1.2,535.2,1.9,5,10,Clear,clear-day,"VIDP,42181099999"
delhi india,2024-11-25T16:00:00,75.2,75.2,55.4,50.2,0,0,,0,0,16.8,5.8,280,1013,0,1.2,390.5,1.4,4,10,Clear,clear-day,"VIDP,42181099999"
delhi india,2024-11-25T17:00:00,73.3,73.3,60.5,64.19,0,0,,0,0,15.7,3.3,300,1012.6,4.6,0.7,202.1,0.7,2,10,Clear,fog,"42182099999,42176099999,VIDP,42139099999,42181099999"
delhi india,2024-11-25T18:00:00,69.8,69.8,57.2,64.29,0,0,,0,0,10.1,3.4,250,1014,0,1.2,41.9,0.2,0,10,Clear,clear-night,"VIDP,42181099999"
delhi india,2024-11-25T19:00:00,68,68,57.2,68.38,0,0,,0,0,7.2,3.4,250,1015,0,1.2,0,0,0,10,Clear,clear-night,"VIDP,42181099999"
delhi india,2024-11-25T20:00:00,64.4,64.4,58.7,81.78,0,0,,0,0,7.4,1,264,1014.7,0,0.7,0,0,0,10,Clear,fog,"42182099999,VIDP,42181099999"
delhi india,2024-11-25T21:00:00,66.2,66.2,57.2,72.76,0,0,,0,0,7.4,3.4,260,1015,0,1.2,0,0,0,10,Clear,clear-night,"VIDP,42181099999"
delhi india,2024-11-25T22:00:00,64.4,64.4,55.4,72.58,0,0,,0,0,7.8,4.7,260,1016,0,1.2,0,0,0,10,Clear,clear-night,"VIDP,42181099999"
delhi india,2024-11-25T23:00:00,60.8,60.8,57,87.16,0,0,,0,0,7.8,1.3,250,1015.5,0,0.7,0,0,0,10,Clear,fog,"42182099999,VIDP,42181099999"
delhi india,2024-11-26T00:00:00,60.8,60.8,53.6,77.15,0,0,,0,0,7.8,4.7,260,1016,0,1.2,0,0,0,10,Clear,clear-night,"VIDP,42181099999"
delhi india,2024-11-26T01:00:00,60.8,60.8,53.6,77.15,0,0,,0,0,7.8,3.4,240,1015,0,1.2,0,0,0,10,Clear,clear-night,"VIDP,42181099999"
delhi india,2024-11-26T02:00:00,59.2,59.2,55.6,87.82,0,0,,0,0,7.6,0.6,291.2,1015.1,0,0.7,0,0,0,10,Clear,fog,"42182099999,VIDP,42181099999"
delhi india,2024-11-26T03:00:00,59,59,55.4,87.84,0,0,,0,0,6.7,0,0,1015,0,1.2,0,0,0,10,Clear,clear-night,"VIDP,42181099999"
delhi india,2024-11-26T04:00:00,59,59,55.4,87.84,0,0,,0,0,6.5,3.4,240,1015,0,1.2,0,0,0,10,Clear,clear-night,"VIDP,42181099999"
delhi india,2024-11-26T05:00:00,56.5,56.5,54.1,91.72,0,0,,0,0,6.3,3,320,1015.8,0,0.7,0,0,0,10,Clear,fog,"42182099999,VIDP,42181099999"
delhi india,2024-11-26T06:00:00,57.2,57.2,53.6,87.75,0,0,,0,0,6.7,2.2,277.8,1016,0,1.2,0,0,0,10,Clear,clear-night,"VIDP,42181099999"
delhi india,2024-11-26T07:00:00,57.2,57.2,53.6,87.75,0,0,,0,0,6.9,3.4,230,1017,0,1.2,0,0,0,10,Clear,clear-day,"VIDP,42181099999"
delhi india,2024-11-26T08:00:00,59.7,59.7,53.2,79.13,0,0,,0,0,7.8,3,296,1017.7,0,0.7,17,0.1,0,10,Clear,fog,"42182099999,42176099999,VIDP,42139099999,42181099999"
delhi india,2024-11-26T09:00:00,62.6,62.6,50,63.4,0,0,,0,0,10.7,3.4,280,1018,0,1.2,160.5,0.6,2,10,Clear,clear-day,"VIDP,42181099999"
delhi india,2024-11-26T10:00:00,68,68,50,52.54,0,0,,0,0,11.6,5.8,260,1019,0,1.2,347.5,1.3,3,10,Clear,clear-day,"VIDP,42181099999"
delhi india,2024-11-26T11:00:00,74.5,74.5,54.6,49.83,0,0,,0,0,12.5,5,311,1017,0,0.7,506.7,1.8,5,10,Clear,fog,"42182099999,VIDP,42139099999,42181099999"
delhi india,2024-11-26T12:00:00,75.2,75.2,51.8,44,0,0,,0,0,14.5,6.9,280,1017,0,1.2,614.5,2.2,6,10,Clear,clear-day,"VIDP,42181099999"
delhi india,2024-11-26T13:00:00,77,77,50,38.78,0,0,,0,0,15.7,6.9,270,1015,0,1.9,656.7,2.4,7,10,Clear,clear-day,"VIDP,42181099999"
delhi india,2024-11-26T14:00:00,78.5,78.5,52.4,40.39,0,0,,0,0,16.1,7.2,310,1013.6,0,1.3,632,2.3,6,10,Clear,clear-day,"42182099999,VIDP,42139099999,42181099999"
delhi india,2024-11-26T15:00:00,77,77,48.2,36.26,0,0,,0,0,15.9,8.1,280,1014,0,2.5,541.8,2,5,10,Clear,clear-day,"VIDP,42181099999"
delhi india,2024-11-26T16:00:00,75.2,75.2,48.2,38.49,0,0,,0,0,15.4,6.9,280,1014,0,2.5,395.9,1.4,4,10,Clear,clear-day,"VIDP,42181099999"
delhi india,2024-11-26T17:00:00,72.1,72.1,56.5,57.97,0,0,,0,0,14.3,1.3,250,1013,0,1.4,213.2,0.8,2,10,Clear,clear-day,"42182099999,42176099999,VIDP,42139099999,42181099999"
delhi india,2024-11-26T18:00:00,68,68,50,52.54,0,0,,0,0,8.3,4.7,250,1014,0,2.5,43.2,0.2,0,10,Clear,clear-night,"VIDP,42181099999"
delhi india,2024-11-26T19:00:00,66.2,66.2,51.8,59.76,0,0,,0,0,7.6,3.4,250,1015,0,2.5,0,0,0,10,Clear,clear-night,"VIDP,42181099999"
delhi india,2024-11-26T20:00:00,62.6,62.6,55.5,77.35,0,0,,0,0,7.4,1,250,1014.7,0,1,0,0,0,10,Clear,clear-night,"42182099999,VIDP,42181099999"
delhi india,2024-11-26T21:00:00,64.4,64.4,50,59.52,0,0,,0,0,7.4,3.4,230,1015,0,2.5,0,0,0,10,Clear,clear-night,"VIDP,42181099999"
delhi india,2024-11-26T22:00:00,62.6,62.6,50,63.4,0,0,,0,0,7.4,2.2,230,1015,0,2.5,0,0,0,10,Clear,clear-night,"VIDP,42181099999"
delhi india,2024-11-26T23:00:00,59,59,53.7,82.68,0,0,,0,0,7.4,0,0,1015.1,0,0.9,0,0,0,10,Clear,fog,"42182099999,VIDP,42181099999"
delhi india,2024-11-27T00:00:00,60.8,60.8,50,67.56,0,0,,0,0,7.4,2.2,220,1015,0,1.9,0,0,0,10,Clear,clear-night,"VIDP,42181099999"
delhi india,2024-11-27T01:00:00,60.8,60.8,50,67.56,0,0,,0,0,7.2,0,0,1014,0,1.9,0,0,0,10,Clear,clear-night,"VIDP,42181099999"
delhi india,2024-11-27T02:00:00,58.9,58.9,49.9,72.03,0,0,,0,0,7.4,0,0,1014,0,1.9,0,0,0,10,Clear,clear-night,VIDP
delhi india,2024-11-27T03:00:00,57.2,57.2,50,76.84,0,0,,0,0,7.2,3.4,210,1014,0,1.9,0,0,0,10,Clear,clear-night,"VIDP,42181099999"
delhi india,2024-11-27T04:00:00,57.2,57.2,50,76.84,0,0,,0,0,6.9,0,0,1014,0,1.9,0,0,0,10,Clear,clear-night,"VIDP,42181099999"
delhi india,2024-11-27T05:00:00,54.5,54.5,51.4,89.29,0,0,,0,0,6.7,0,0,1014.6,0,0.9,0,0,0,10,Clear,fog,"42182099999,VIDP,42181099999"
delhi india,2024-11-27T06:00:00,57.2,57.2,50,76.84,0,0,,0,0,6,0,0,1015,0,1.9,0,0,0,10,Clear,clear-night,"VIDP,42181099999"
delhi india,2024-11-27T07:00:00,57.2,57.2,50,76.84,0,0,,0,0,6,0,0,1016,0,1.2,0,0,0,10,Clear,clear-day,"VIDP,42181099999"
delhi india,2024-11-27T08:00:00,56.2,56.2,52.5,87.25,0,0,,0,0,6,0,0,1016.8,0,0.6,16.5,0.1,0,10,Clear,fog,"42182099999,VIDP,42139099999,42181099999"
delhi india,2024-11-27T09:00:00,66.2,66.2,50,55.91,0,0,,0,0,8.5,2.2,260,1017,0,0.6,160.6,0.6,2,10,Clear,fog,"VIDP,42181099999"
delhi india,2024-11-27T10:00:00,71.6,71.6,48.2,43.45,0,0,,0,0,8.1,3.4,270,1017,0,1.2,348.9,1.3,3,10,Clear,clear-day,"VIDP,42181099999"
delhi india,2024-11-27T11:00:00,74,74,52.4,46.71,0,0,,0,0,8.3,3.9,314,1016.1,0,1.3,508.5,1.8,5,10,Clear,clear-day,"42182099999,VIDP,42139099999,42181099999"
delhi india,2024-11-27T12:00:00,78.2,78.2,49.7,36.88,0,0,,0,0,9.8,6.5,323,1015.2,0,1.4,615.5,2.2,6,10,Clear,clear-day,"42182099999,VIDP,42181099999,VIDD"
delhi india,2024-11-27T13:00:00,77,77,46.4,33.88,0,0,,0,0,12.5,5.8,300,1015,0,1.9,660.1,2.4,7,10,Clear,clear-day,"VIDP,42181099999"
delhi india,2024-11-27T14:00:00,79.2,79.2,49.1,34.92,0,0,,0,0,13.6,6.9,313,1013,0,1.3,635.5,2.3,6,10,Clear,clear-day,"42182099999,VIDP,42139099999,42181099999"
delhi india,2024-11-27T15:00:00,77,77,42.8,29.54,0,0,,0,0,13.9,6.9,320,1014,0,2.5,545.5,2,5,10,Clear,clear-day,"VIDP,42181099999"
delhi india,2024-11-27T16:00:00,77,77,42.8,29.54,0,0,,0,0,13.6,6.9,300,1014,0,2.5,399,1.4,4,10,Clear,clear-day,"VIDP,42181099999"
delhi india,2024-11-27T17:00:00,72,72,54.5,54.2,0,0,,0,0,12.5,0.6,290,1013.2,0,1.4,215.4,0.8,2,10,Clear,clear-day,"42182099999,42176099999,VIDP,42139099999,42181099999"
delhi india,2024-11-27T18:00:00,68,68,46.4,45.91,0,0,,0,0,6.7,0,0,1014,0,1.9,43.5,0.2,0,10,Clear,clear-night,"VIDP,42181099999"
delhi india,2024-11-27T19:00:00,64.4,64.4,48.2,55.66,0,0,,0,0,6.5,0,0,1015,0,1.9,0,0,0,10,Clear,clear-night,"VIDP,42181099999"
delhi india,2024-11-27T20:00:00,61.6,61.6,55.2,79.61,0,0,,0,0,5.8,0,0,1015.5,0,0.9,0,0,0,10,Clear,fog,"42182099999,VIDP,42181099999"
delhi india,2024-11-27T21:00:00,60.8,60.8,50,67.56,0,0,,0,0,4.7,0,0,1016,0,1.9,0,0,0,10,Clear,clear-night,"VIDP,42181099999"
delhi india,2024-11-27T22:00:00,60.8,60.8,51.8,72.22,0,0,,0,0,4,0,0,1016,0,1.9,0,0,0,10,Clear,clear-night,"VIDP,42181099999"
delhi india,2024-11-27T23:00:00,56.8,56.8,53.1,87.43,0,0,,0,0,3.4,0,0,1016.1,0,1.3,0,0,0,10,Clear,clear-night,"42182099999,VIDP,42181099999"
delhi india,2024-11-28T00:00:00,59,59,51.8,77,0,0,,0,0,3.1,0,0,1016,0,1.9,0,0,0,10,Clear,clear-night,"VIDP,42181099999"
delhi india,2024-11-28T01:00:00,57.2,57.2,50,76.84,0,0,,0,0,1.8,0,0,1016,0,1.9,0,0,0,10,Clear,clear-night,"VIDP,42181099999"
delhi india,2024-11-28T02:00:00,54.9,54.9,51.8,89.31,0,0,,0,0,1.6,0,0,1015.8,0,1.3,0,0,0,10,Clear,clear-night,"42182099999,VIDP,42181099999"
delhi india,2024-11-28T03:00:00,55.4,55.4,51.8,87.66,0,0,,0,0,1.8,0,0,1016,0,1.9,0,0,0,10,Clear,clear-night,"VIDP,42181099999"
delhi india,2024-11-28T04:00:00,55.4,55.4,51.8,87.66,0,0,,0,0,2.5,3.4,250,1016,0,1.9,0,0,0,10,Clear,clear-night,"VIDP,42181099999"
delhi india,2024-11-28T05:00:00,52.8,52.8,50.8,93.16,0,0,,0,0,3.1,0,0,1016.3,0,0.8,0,0,0,10,Clear,fog,"42182099999,VIDP,42181099999"
delhi india,2024-11-28T06:00:00,55.4,55.4,51.8,87.66,0,0,,0,0,3.6,0,0,1016,0,1.2,0,0,0,10,Clear,clear-night,"VIDP,42181099999"
delhi india,2024-11-28T07:00:00,55.4,55.4,51.8,87.66,0,0,,0,0,4,2.2,323.5,1017,0,0.6,0,0,0,10,Clear,fog,"VIDP,42181099999"
delhi india,2024-11-28T08:00:00,54.3,54.3,52,91.95,0,0,,0,0,4.7,0,6,1018,0,0.6,15.7,0.1,0,10,Clear,fog,"42182099999,42176099999,VIDP,42139099999,42181099999"
delhi india,2024-11-28T09:00:00,64.4,64.4,50,59.52,0,0,,0,0,7.2,0,0,1019,0,0.6,158.9,0.6,2,10,Clear,fog,"VIDP,42181099999"
delhi india,2024-11-28T10:00:00,69.8,69.8,50,49.4,0,0,,0,0,7.2,2.2,325.5,1019,0,1.2,348,1.3,3,10,Clear,clear-day,"VIDP,42181099999"
delhi india,2024-11-28T11:00:00,74.3,74.3,50.7,43.55,0,0,,0,0,7.8,3.3,307,1017.9,0,0.7,508.5,1.8,5,10,Clear,fog,"42182099999,VIDP,42139099999,42181099999"
delhi india,2024-11-28T12:00:00,77,77,48.2,36.26,0,0,,0,0,9.2,4.7,340,1018,0,1.2,616.1,2.2,6,10,Clear,clear-day,"VIDP,42181099999"
delhi india,2024-11-28T13:00:00,77,77,46.4,33.88,0,0,,0,0,11.9,5.8,360,1017,0,1.2,659.7,2.4,7,10,Clear,clear-day,"VIDP,42181099999"
delhi india,2024-11-28T14:00:00,78.4,78.4,47.9,34.23,0,0,,0,0,12.1,3.7,14,1015,0,0.9,634.6,2.3,6,10,Clear,fog,"42182099999,VIDP,42139099999,42181099999"
delhi india,2024-11-28T15:00:00,77,77,41,27.56,0,0,,0,0,11.6,4.7,360,1016,0,1.9,544.1,2,5,10,Clear,clear-day,"VIDP,42181099999"
delhi india,2024-11-28T16:00:00,75.2,75.2,42.8,31.37,0,0,,0,0,10.5,3.4,360,1016,0,1.9,397.3,1.4,4,10,Clear,clear-day,"VIDP,42181099999"
delhi india,2024-11-28T17:00:00,71.7,71.7,51.1,48.33,0,0,,0,0,9.2,1,1,1015.1,0,0.9,213.8,0.8,2,10,Clear,fog,"42182099999,42176099999,VIDP,42139099999,42181099999"
delhi india,2024-11-28T18:00:00,71.6,71.6,44.6,37.92,0,0,,0,0,5.4,3.4,350,1016,0,1.9,43,0.2,0,10,Clear,clear-night,"VIDP,42181099999"
delhi india,2024-11-28T19:00:00,66.2,66.2,48.2,52.28,0,0,,0,0,5.8,0,0,1017,0,1.9,0,0,0,10,Clear,clear-night,"VIDP,42181099999"
delhi india,2024-11-28T20:00:00,59.7,59.7,51.6,74.42,0,0,,0,0,5.6,0,0,1016.9,0,1.3,0,0,0,10,Clear,clear-night,"42182099999,VIDP,42181099999"
delhi india,2024-11-28T21:00:00,62.6,62.6,48.2,59.28,0,0,,0,0,5.4,0,0,1017,0,1.9,0,0,0,10,Clear,clear-night,"VIDP,42181099999"
delhi india,2024-11-28T22:00:00,60.8,60.8,48.2,63.17,0,0,,0,0,4.7,0,0,1018,0,1.9,0,0,0,10,Clear,clear-night,"VIDP,42181099999"
delhi india,2024-11-28T23:00:00,55.9,55.9,51,83.56,0,0,,0,0,3.8,0,0,1017.5,0,1.3,0,0,0,10,Clear,clear-night,"42182099999,VIDP,42181099999"
delhi india,2024-11-29T00:00:00,59,59,50,72.03,0,0,,0,0,2.9,0,0,1017,0,1.9,0,0,0,10,Clear,clear-night,"VIDP,42181099999"
delhi india,2024-11-29T01:00:00,57.2,57.2,48.2,71.85,0,0,,0,0,3.1,0,0,1017,0,1.9,0,0,0,10,Clear,clear-night,"VIDP,42181099999"
delhi india,2024-11-29T02:00:00,53.6,53.6,50.4,89.05,0,0,,0,0,2.9,0,0,1017.3,0,1.3,0,0,0,10,Clear,clear-night,"42182099999,VIDP,42181099999"
delhi india,2024-11-29T03:00:00,57.2,57.2,50,76.84,0,0,,0,0,2.7,0,0,1017,0,1.2,0,0,0,10,Clear,clear-night,"VIDP,42181099999"
delhi india,2024-11-29T04:00:00,55.4,55.4,48.2,76.68,0,0,,0,0,3.4,0,0,1017,0,1.2,0,0,0,10,Clear,clear-night,"VIDP,42181099999"
delhi india,2024-11-29T05:00:00,51.7,51.7,50.2,94.68,0,0,,0,0,3.8,0,0,1017.6,0,0.7,0,0,0,10,Clear,fog,"42182099999,VIDP,42181099999"
delhi india,2024-11-29T06:00:00,53.6,53.6,48.2,81.88,0,0,,0,0,3.8,0,0,1018,0,1.2,0,0,0,10,Clear,clear-night,"VIDP,42181099999"
delhi india,2024-11-29T07:00:00,51,51,50,96.44,0,0,,0,0,3.6,0,0,1019,0,0.6,0,0,0,10,Clear,fog,"42182099999,VIDP,42181099999,VIDD"
delhi india,2024-11-29T08:00:00,53.7,53.7,51.9,93.79,0,0,,0,0,2.9,0.6,262,1019.9,20,0.6,14.5,0.1,0,10,Clear,fog,"42182099999,42176099999,VIDP,42139099999,42181099999"
delhi india,2024-11-29T09:00:00,64.4,64.4,50,59.52,0,0,,0,0,4.9,2.2,270,1020,0,0.6,154,0.6,2,10,Clear,fog,"VIDP,42181099999"
delhi india,2024-11-29T10:00:00,69.8,69.8,54.4,58.13,0,0,,0,0,5.8,0.6,334,1019.2,0,0.6,340.4,1.2,3,10,Clear,fog,"42182099999,VIDP,42181099999,VIDD"
delhi india,2024-11-29T11:00:00,73.6,73.6,53,48.51,0,0,,0,0,6.9,1,290,1018.5,0,0.7,499.5,1.8,5,10,Clear,fog,"42182099999,VIDP,42139099999,42181099999"
delhi india,2024-11-29T12:00:00,75.2,75.2,48.2,38.49,0,0,,0,0,8.5,3.4,300,1018,0,1.2,607.2,2.2,6,10,Clear,clear-day,"VIDP,42181099999"
delhi india,2024-11-29T13:00:00,77,77,44.6,31.65,0,0,,0,0,8.7,3.4,280,1017,0,1.2,652,2.3,7,10,Clear,clear-day,"VIDP,42181099999"
delhi india,2024-11-29T14:00:00,77.1,77.1,51.7,41.11,0,0,,0,0,8.5,3.7,276,1015.4,0,0.9,627.6,2.3,6,10,Clear,fog,"42182099999,VIDP,42139099999,42181099999"
delhi india,2024-11-29T15:00:00,77,77,42.8,29.54,0,0,,0,0,8.5,4.7,300,1016,0,1.9,537.5,1.9,5,10,Clear,clear-day,"VIDP,42181099999"
delhi india,2024-11-29T16:00:00,75.2,75.2,44.6,33.6,0,0,,0,0,8.3,4.7,290,1016,0,1.9,391.9,1.4,4,10,Clear,clear-day,"VIDP,42181099999"
delhi india,2024-11-29T17:00:00,71.6,71.6,56,58.05,0,0,,0,0,7.2,3.3,256,1015.2,0,0.9,210.1,0.8,2,10,Clear,fog,"42182099999,42176099999,VIDP,42139099999,42181099999"
delhi india,2024-11-29T18:00:00,68,68,48.2,49.13,0,0,,0,0,3.1,2.2,333.1,1016,0,1.9,41.9,0.2,0,10,Clear,clear-night,"VIDP,42181099999"
delhi india,2024-11-29T19:00:00,64.4,64.4,48.2,55.66,0,0,,0,0,3.1,0,0,1017,0,1.9,0,0,0,10,Clear,clear-night,"VIDP,42181099999"
delhi india,2024-11-29T20:00:00,60.4,60.4,54.3,80.45,0,0,,0,0,3.6,0,0,1017,0,0.9,0,0,0,10,Clear,fog,"42182099999,VIDP,42181099999"
delhi india,2024-11-29T21:00:00,62.6,62.6,48.2,59.28,0,0,,0,0,4.3,0,0,1017,0,1.9,0,0,0,10,Clear,clear-night,"VIDP,42181099999"
delhi india,2024-11-29T22:00:00,60.8,60.8,50,67.56,0,0,,0,0,4.7,0,0,1017,0,1.9,0,0,0,10,Clear,clear-night,"VIDP,42181099999"
delhi india,2024-11-29T23:00:00,57,57,52.8,85.89,0,0,,0,0,4.9,0,0,1017,0,0.7,0,0,0,10,Clear,fog,"42182099999,VIDP,42181099999"
delhi india,2024-11-30T00:00:00,59,59,51.8,77,0,0,,0,0,4.9,0,0,1016,0,1.2,0,0,0,10,Clear,clear-night,"VIDP,42181099999"
delhi india,2024-11-30T01:00:00,57.2,57.2,51.8,82.13,0,0,,0,0,5.4,0,0,1016,0,1.2,0,0,0,10,Clear,clear-night,"VIDP,42181099999"
delhi india,2024-11-30T02:00:00,54.3,54.3,51.7,90.99,0,0,,0,0,5.6,0,0,1016.2,0,0.7,0,0,0,10,Clear,fog,"42182099999,VIDP,42181099999"
delhi india,2024-11-30T03:00:00,57.2,57.2,51.8,82.13,0,0,,0,0,6.3,0,0,1016,0,1.2,0,0,0,10,Clear,clear-night,"VIDP,42181099999"
delhi india,2024-11-30T04:00:00,55.4,55.4,51.8,87.66,0,0,,0,0,6.7,2.2,331.7,1016,0,1.2,0,0,0,10,Clear,clear-night,"VIDP,42181099999"
delhi india,2024-11-30T05:00:00,52.1,52.1,50.6,94.67,0,0,,0,0,6.5,1,236,1016.4,0,0.6,0,0,0,10,Clear,fog,"42182099999,VIDP,42181099999"
delhi india,2024-11-30T06:00:00,53.6,53.6,50,87.57,0,0,,0,0,6.7,2.2,334.4,1017,0,0.6,0,0,0,10,Clear,fog,"VIDP,42181099999"
delhi india,2024-11-30T07:00:00,51.8,51.8,50,93.55,0,0,,0,0,6.9,2.2,326.3,1017,0,0.6,0,0,0,10,Clear,fog,"VIDP,42181099999"
delhi india,2024-11-30T08:00:00,54.4,54.4,52.2,92.01,0,0,,0,0,6.3,0.6,230,1018,0,0.6,13.4,0,0,10,Clear,fog,"42182099999,42176099999,VIDP,42139099999,42181099999"
delhi india,2024-11-30T09:00:00,62.6,62.6,50,63.4,0,0,,0,0,8.5,3.4,260,1018,0,0.6,148.8,0.5,1,10,Clear,fog,"VIDP,42181099999"
delhi india,2024-11-30T10:00:00,68,68,51.8,56.16,0,0,,0,0,9.4,4.7,260,1018,0,0.6,333.2,1.2,3,10,Clear,fog,"VIDP,42181099999"
delhi india,2024-11-30T11:00:00,72.8,72.8,53.1,50.05,0,0,,0,0,11.2,4,277,1016.9,0,0.7,491.9,1.8,5,10,Clear,fog,"42182099999,VIDP,42139099999,42181099999"
delhi india,2024-11-30T12:00:00,75.2,75.2,48.2,38.49,0,0,,0,0,13.4,5.8,290,1016,0,1.2,599.4,2.2,6,10,Clear,clear-day,"VIDP,42181099999"
delhi india,2024-11-30T13:00:00,77,77,46.4,33.88,0,0,,0,0,13.2,5.8,310,1015,0,1.2,645.2,2.3,6,10,Clear,clear-day,"VIDP,42181099999"
delhi india,2024-11-30T14:00:00,78,78,46.7,33.1,0,0,,0,0,13.2,6.3,277,1013.1,0,1.3,622,2.2,6,10,Clear,clear-day,"42182099999,VIDP,42139099999,42181099999"
delhi india,2024-11-30T15:00:00,77,77,44.6,31.65,0,0,,0,0,12.5,6.9,280,1013,0,1.9,533.4,1.9,5,10,Clear,clear-day,"VIDP,42181099999"
delhi india,2024-11-30T16:00:00,75.2,75.2,46.4,35.97,0,0,,0,0,11.2,4.7,280,1013,0,1.9,389.3,1.4,4,10,Clear,clear-day,"VIDP,42181099999"
delhi india,2024-11-30T17:00:00,71.2,71.2,55.7,58.14,0,0,,0,0,9.2,1.3,251,1012.3,0,1.3,208.9,0.8,2,10,Clear,clear-day,"42182099999,42176099999,VIDP,42139099999,42181099999"
delhi india,2024-11-30T18:00:00,68,68,50,52.54,0,0,,0,0,6.3,3.4,250,1013,0,1.9,41.6,0.1,0,10,Clear,clear-night,"VIDP,42181099999"
delhi india,2024-11-30T19:00:00,64.4,64.4,51.8,63.62,0,0,,0,0,6.9,2.2,230,1014,0,1.9,0,0,0,10,Clear,clear-night,"VIDP,42181099999"
delhi india,2024-11-30T20:00:00,62.1,62.1,55.5,78.8,0,0,,0,0,6.9,0.6,236,1014.1,0,0.9,0,0,0,10,Clear,fog,"42182099999,VIDP,42181099999"
delhi india,2024-11-30T21:00:00,64.4,64.4,51.8,63.62,0,0,,0,0,6.9,0,0,1015,0,1.9,0,0,0,10,Clear,clear-night,"VIDP,42181099999"
delhi india,2024-11-30T22:00:00,62.6,62.6,51.8,67.77,0,0,,0,0,7.2,0,0,1015,0,1.9,0,0,0,10,Clear,clear-night,"VIDP,42181099999"
delhi india,2024-11-30T23:00:00,59.4,59.4,54.6,84.13,0,0,,0,0,7.2,0.6,236,1014.5,0,0.9,0,0,0,10,Clear,fog,"42182099999,VIDP,42181099999"
